timestamp,backend_id,requests_total,num_requests_running,num_requests_waiting,kv_cache_usage,ttft_avg_ms,tpot_avg_ms,queue_time_avg_ms,e2e_latency_avg_ms,router_phase,router_capacity,router_effective_weight,router_desired_weight,router_inflight,router_remote_utilization,router_queue_depth,router_kv_cache_usage,router_latency_ewma_ms
2026-06-27T20:32:10.830919,qwen15b-npu3,2958.0,0.0,0.0,0.0,88.49414729685135,29.53897577649575,0.0166548164225585,798.1922629719412,active,10,10,10,0,0,0,0,0
2026-06-27T20:32:10.843034,qwen15b-npu4,2839.0,0.0,0.0,0.0,70.61926173928674,25.734899586823932,0.012574145064073764,122.08362119472459,active,10,10,10,0,0,0,0,0
2026-06-27T20:32:10.854886,qwen15b-npu5,2839.0,0.0,0.0,0.0,71.73532530975072,26.080647654800327,0.012332595981783679,123.90812159676331,active,10,10,10,0,0,0,0,0
2026-06-27T20:32:10.866736,qwen15b-npu6,2836.0,0.0,0.0,0.0,77.00450564977649,28.226608027859374,0.012163359303764141,133.45911228774466,active,10,10,10,0,0,0,0,0
2026-06-27T20:32:10.878116,qwen15b-npu7,2835.0,0.0,0.0,0.0,76.53603637870236,28.215670724166173,0.013057846217233493,132.97063265738242,active,10,10,10,0,0,0,0,0
2026-06-27T20:32:11.893358,qwen15b-npu3,2990.0,32.0,0.0,0.002725014025807493,89.62403061397897,29.495868374538986,0.0166548164225585,798.1922629719412,active,10,9.124318746493548,6.497274985974193,0,1,0,0.002725014025807493,0
2026-06-27T20:32:11.905600,qwen15b-npu4,2839.0,0.0,0.0,0.0,70.61926173928674,25.734899586823932,0.012574145064073764,122.08362119472459,active,10,10,10,0,0,0,0,0
2026-06-27T20:32:11.919384,qwen15b-npu5,2839.0,0.0,0.0,0.0,71.73532530975072,26.080647654800327,0.012332595981783679,123.90812159676331,active,10,10,10,0,0,0,0,0
2026-06-27T20:32:11.930751,qwen15b-npu6,2836.0,0.0,0.0,0.0,77.00450564977649,28.226608027859374,0.012163359303764141,133.45911228774466,active,10,10,10,0,0,0,0,0
2026-06-27T20:32:11.942037,qwen15b-npu7,2835.0,0.0,0.0,0.0,76.53603637870236,28.215670724166173,0.013057846217233493,132.97063265738242,active,10,10,10,0,0,0,0,0
2026-06-27T20:32:12.955999,qwen15b-npu3,2990.0,32.0,0.0,0.002725014025807493,89.62403061397897,29.4436650416317,0.0166548164225585,798.1922629719412,active,10,8.46755780636371,6.497274985974193,0,1,0,0.002725014025807493,0
2026-06-27T20:32:12.967809,qwen15b-npu4,2839.0,0.0,0.0,0.0,70.61926173928674,25.734899586823932,0.012574145064073764,122.08362119472459,active,10,10,10,0,0,0,0,0
2026-06-27T20:32:12.979249,qwen15b-npu5,2839.0,0.0,0.0,0.0,71.73532530975072,26.080647654800327,0.012332595981783679,123.90812159676331,active,10,10,10,0,0,0,0,0
2026-06-27T20:32:12.990423,qwen15b-npu6,2836.0,0.0,0.0,0.0,77.00450564977649,28.226608027859374,0.012163359303764141,133.45911228774466,active,10,10,10,0,0,0,0,0
2026-06-27T20:32:13.001679,qwen15b-npu7,2835.0,0.0,0.0,0.0,76.53603637870236,28.215670724166173,0.013057846217233493,132.97063265738242,active,10,10,10,0,0,0,0,0
2026-06-27T20:32:14.016894,qwen15b-npu3,2990.0,32.0,0.0,0.005289733108920447,89.62403061397897,29.392241572978705,0.0166548164225585,798.1922629719412,active,10,7.974762688346558,6.496377334295103,0,1,0,0.0036226657048970268,0
2026-06-27T20:32:14.031792,qwen15b-npu4,2848.0,4.0,0.0,0.0003205898853890776,70.63460450493888,25.73426684557074,0.012600087143798873,122.09481109882039,active,10,10,10,7,0,0,0,130.563578125
2026-06-27T20:32:14.047612,qwen15b-npu5,2847.0,3.0,0.0,0.00024044241404186373,71.82969701972642,26.08123414066627,0.012385023177583937,124.00368820126114,active,10,10,10,10,0,0,0,147.659
2026-06-27T20:32:14.059621,qwen15b-npu6,2844.0,4.0,0.0,0.0003205898853890776,77.07986072145937,28.227830694273308,0.01221404289284789,133.53711760664456,active,10,10,10,11,0,0,0,147.149
2026-06-27T20:32:14.072074,qwen15b-npu7,2845.0,5.0,0.0,0.00040073735673640254,76.54074088969843,28.210877459025152,0.013092348355653718,132.9647664198315,active,10,10,10,4,0,0,0,135.10700585937502
2026-06-27T20:32:15.086545,qwen15b-npu3,2990.0,32.0,0.0,0.005289733108920447,89.62403061397897,29.356366160135313,0.0166548164225585,798.1922629719412,active,10,7.605020481435842,6.495793860703696,0,1,0,0.004206139296305224,0
2026-06-27T20:32:15.100055,qwen15b-npu4,2903.0,4.0,0.0,0.0003205898853890776,70.67195423873918,25.747527170740916,0.01272108405394577,122.16744271692265,active,10,9.54205974078982,8.168238963159286,8,0.4375,0,0.0005610322994309414,124.76720977755984
2026-06-27T20:32:15.113434,qwen15b-npu5,2906.0,4.0,0.0,0.0003205898853890776,71.84875429866237,26.06693501669452,0.012497992759743096,123.98208773275806,active,10,9.59555590766195,8.382223630647799,7,0.375,0,0.00048088482808372746,120.34752276638723
2026-06-27T20:32:15.127678,qwen15b-npu6,2922.0,8.0,0.0,0.0006411797707782663,77.22654561324123,28.281751714312808,0.01242397462162515,133.79431351385654,active,10,9.773185922551136,9.092743690204545,11,0.1875,0,0.00024044241404186373,138.05657544396468
2026-06-27T20:32:15.146634,qwen15b-npu7,2901.0,4.0,0.0,0.0003205898853890776,76.54951967399147,28.218367947925298,0.013174548321060905,132.99630863079125,active,10,9.588067331857754,8.35226932743102,6,0.375,0,0.00048088482808372746,138.3641073519293
2026-06-27T20:32:16.160456,qwen15b-npu3,2990.0,32.0,0.0,0.005289733108920447,89.62403061397897,29.317839582355276,0.0166548164225585,798.1922629719412,active,10,7.3276190117942015,6.495414602869279,0,1,0,0.004585397130720552,0
2026-06-27T20:32:16.173112,qwen15b-npu4,2970.0,3.0,0.0,0.00024044241404186373,70.67441811866631,25.749032642289997,0.012837694250071141,122.17972179756126,active,10,9.226082523531964,8.278150871758394,7,0.41562499999999997,0,0.0005329806844594165,127.9407426447445
2026-06-27T20:32:16.186389,qwen15b-npu5,2973.0,6.0,0.0,0.00048088482808372746,71.87879161725652,26.081855698813232,0.012623741993699889,124.05887787171027,active,10,9.320428451816884,8.495046084281682,8,0.353125,0,0.00045283321311216375,143.5005344286305
2026-06-27T20:32:16.200214,qwen15b-npu6,2971.0,7.0,0.0,0.0005610322994309414,77.21399482513911,28.268695081526577,0.012451511118421197,133.75775022005456,active,10,9.504960168505907,8.700282906370216,9,0.27499999999999997,0,0.0003526488739280409,130.993434256464
2026-06-27T20:32:16.216135,qwen15b-npu7,2967.0,7.0,0.0,0.0005610322994309414,76.64873915808266,28.248940552619242,0.013320591782127252,133.14736999480832,active,10,9.297941093904013,8.42756238004279,8,0.353125,0,0.00045283321311216375,142.3793360239149
2026-06-27T20:32:17.242903,qwen15b-npu3,2990.0,32.0,0.0,0.00785445219203329,89.62403061397897,29.282637250133597,0.0166548164225585,798.1922629719412,active,10,7.119506280164879,6.4951680852769105,0,1,0,0.004831914723090515,0
2026-06-27T20:32:17.257411,qwen15b-npu4,3034.0,3.0,0.0,0.00024044241404186373,70.75473424550648,25.76298137153459,0.012927744667752865,122.27552130543147,active,10,9.00466709837621,8.340420822908943,9,0.37953125,0,0.00048669551975636164,124.70755500768651
2026-06-27T20:32:17.270896,qwen15b-npu5,3037.0,6.0,0.0,0.00048088482808372746,71.89644007137979,26.085908525873833,0.01273004846006138,124.06953608207564,active,10,9.180368536349405,8.76018878994697,6,0.29515625,0,0.00037849643343755877,119.97712273739018
2026-06-27T20:32:17.284611,qwen15b-npu6,3037.0,4.0,0.0,0.0003205898853890776,77.17123030046118,28.253149260056315,0.012538763347238429,133.6796030687044,active,10,9.26266018743429,8.535760244219441,7,0.331875,0,0.00042558307285405606,133.31343391184498
2026-06-27T20:32:17.296311,qwen15b-npu7,3032.0,6.0,0.0,0.00048088482808372746,76.66716325566134,28.249535665629505,0.01338650232871857,133.17700714954842,active,10,9.04565073365367,8.28877965290264,10,0.38265625000000003,0,0.0004907028933237359,133.46035539588286
2026-06-27T20:32:18.310830,qwen15b-npu3,2990.0,32.0,0.0,0.00785445219203329,89.62403061397897,29.248896978894486,0.0166548164225585,798.1922629719412,active,10,6.845723587032914,6.493422569888595,0,1,0,0.006577430111404967,0
2026-06-27T20:32:18.324824,qwen15b-npu4,3097.0,4.0,0.0,0.0003205898853890776,70.73480204532021,25.755928214270973,0.013033855567566198,122.24490166634553,active,10,8.816960594628771,8.690718201605442,8,0.297070703125,0,0.00038095145066924664,125.09125867861361
2026-06-27T20:32:18.338757,qwen15b-npu5,3103.0,9.0,0.0,0.0007213272421254802,71.86177289374521,26.072734610000147,0.012800291886526555,123.99961273247555,active,10,8.973958890607454,8.65019101588359,10,0.290953515625,0,0.0003731070169111246,123.4299040432513
2026-06-27T20:32:18.351598,qwen15b-npu6,3102.0,7.0,0.0,0.0005610322994309414,77.08220932270004,28.242847803295774,0.012607338069494566,133.56679287270882,active,10,8.991159638036816,8.566507592225362,7,0.3141234375,0,0.0004028191873046673,127.4824966424049
2026-06-27T20:32:18.367719,qwen15b-npu7,3099.0,4.0,0.0,0.0003205898853890776,76.64782995560662,28.236936760545465,0.013467669809069363,133.13190902377175,active,10,8.7653440224146,8.480878972046781,7,0.356359765625,0,0.00045698134567606733,135.29782246604947
2026-06-27T20:32:19.382625,qwen15b-npu3,2990.0,32.0,0.0,0.00785445219203329,89.62403061397897,29.212591398869083,0.0166548164225585,798.1922629719412,active,10,6.7575365933147795,6.492975612160375,0,1,0,0.00702438783962488,0
2026-06-27T20:32:19.396850,qwen15b-npu4,3166.0,4.0,0.0,0.0003205898853890776,70.69358084673227,25.747264170376912,0.013108475764178697,122.18844344108646,active,10,8.80741880719578,8.778793444896811,6,0.28059595703125,0,0.00035982490282118745,123.39246539144543
2026-06-27T20:32:19.409891,qwen15b-npu5,3167.0,6.0,0.0,0.00048088482808372746,71.81949181853312,26.061366120583727,0.012905453042501465,123.94393481599202,active,10,8.92461504472142,8.776583507063316,7,0.25474478515625,0,0.0003266744059068833,131.10364955458314
2026-06-27T20:32:19.423589,qwen15b-npu6,3169.0,7.0,0.0,0.0005610322994309414,77.04012113326203,28.22113573310652,0.012715506323389301,133.48570718475904,active,10,8.927734913526736,8.737460739996498,9,0.291680234375,0,0.0003740389316342109,130.0302529389554
2026-06-27T20:32:19.438119,qwen15b-npu7,3162.0,5.0,0.0,0.00040073735673640254,76.56615900887785,28.21440610682963,0.013556783738678376,133.0072446440201,active,10,8.688693129091545,8.45874044912238,10,0.36288384765625,0,0.0004653475645187484,128.32590941787504
2026-06-27T20:32:20.452333,qwen15b-npu3,2990.0,32.0,0.0,0.010419171275146244,89.62403061397897,29.175360856614557,0.0166548164225585,798.1922629719412,active,10,6.69109930447557,6.491787437957943,0,1,0,0.008212562042057357,0
2026-06-27T20:32:20.464947,qwen15b-npu4,3229.0,2.0,0.0,0.0001602949426945388,70.68519807888207,25.739098782214974,0.013178055111124489,122.15867351370032,active,10,8.74077098862372,8.540827532907533,6,0.3136373720703125,0,0.00040219587666307644,137.2009309681649
2026-06-27T20:32:20.477278,qwen15b-npu5,3231.0,8.0,0.0,0.0006411797707782663,71.76665003843551,26.0521517639294,0.013159077461649252,123.86937506397628,active,10,8.897231802914991,8.815082077495703,10,0.2530841103515625,0,0.0003245448237256513,123.45262100458842
2026-06-27T20:32:20.491738,qwen15b-npu6,3234.0,5.0,0.0,0.00040073735673640254,76.97893162162936,28.202493964107507,0.012806191273119263,133.3927230840864,active,10,8.830206836163228,8.537622604072707,8,0.32084215234375,0,0.00041143499539154167,129.72942690304487
2026-06-27T20:32:20.506525,qwen15b-npu7,3228.0,4.0,0.0,0.0003205898853890776,76.52363849542988,28.20490342186785,0.013626030406101549,132.95062590015027,active,10,8.662079065142919,8.582236873297038,8,0.3452495009765625,0,0.00044273399179492733,131.03371120791377
2026-06-27T20:32:21.522516,qwen15b-npu3,2990.0,32.0,0.0,0.010419171275146244,89.62403061397897,29.152637465484318,0.0166548164225585,798.1922629719412,active,10,6.6410782595382685,6.4910151247263626,0,1,0,0.008984875273638468,0
2026-06-27T20:32:21.537682,qwen15b-npu4,3293.0,5.0,0.0,0.00040073735673640254,70.66666714297288,25.738098674567535,0.013249591319493943,122.13170785750252,active,10,8.67932284655368,8.494978420343559,9,0.3351142918457031,0,0.0004297370096603043,123.51729616154684
2026-06-27T20:32:21.550522,qwen15b-npu5,3299.0,3.0,0.0,0.00024044241404186373,71.7737432608788,26.06612265387024,0.01326693358832943,123.90329687431988,active,10,8.85787050029342,8.739786592428707,7,0.27387967172851563,0,0.0003512122102794142,127.34108840382294
2026-06-27T20:32:21.562415,qwen15b-npu6,3297.0,5.0,0.0,0.00040073735673640254,76.93585403622878,28.194272323627047,0.012849806074819023,133.32853693520715,active,10,8.768268681820668,8.582454218792993,7,0.3179223990234375,0,0.00040769082186224297,133.3896191762922
2026-06-27T20:32:21.578590,qwen15b-npu7,3288.0,6.0,0.0,0.00048088482808372746,76.4920433072278,28.197514380843703,0.013669984197085167,132.89507370354886,active,10,8.655503870437649,8.635778286321838,9,0.31191217563476564,0,0.00039998355455287993,132.4534339924518
2026-06-27T20:32:22.592887,qwen15b-npu3,2990.0,32.0,0.0,0.010419171275146244,89.62403061397897,29.133491258575745,0.0166548164225585,798.1922629719412,active,10,6.60343697493516,6.490513121125834,0,1,0,0.00948687887416619,0
2026-06-27T20:32:22.608077,qwen15b-npu4,3356.0,4.0,0.0,0.0003205898853890776,70.65117273910396,25.731554258008803,0.01332707747838785,122.09915446609561,active,10,8.628895111596117,8.477611906723432,8,0.349074289699707,0,0.00044763874610850244,120.25998521701032
2026-06-27T20:32:22.622683,qwen15b-npu5,3363.0,5.0,0.0,0.00040073735673640254,71.76767925474569,26.068658132371045,0.013300722100718552,123.90256637407533,active,10,8.824995442609712,8.72637026955859,8,0.2873967866235352,0,0.0003685460115393601,137.17025183410163
2026-06-27T20:32:22.637754,qwen15b-npu6,3362.0,3.0,0.0,0.00024044241404186373,76.98262716460128,28.21440858104488,0.01292763144698634,133.40717662335436,active,10,8.7160565673448,8.559420223917193,7,0.3160245593652344,0,0.0004052571090681988,151.4662487918807
2026-06-27T20:32:22.651542,qwen15b-npu7,3355.0,7.0,0.0,0.0005610322994309414,76.43659786389233,28.179127913641185,0.013771635649111548,132.79483938032178,active,10,8.650975803044698,8.637391600865845,7,0.31211791416259765,0,0.00040024738531711286,127.2563337038314
2026-06-27T20:32:23.665804,qwen15b-npu3,2990.0,32.0,0.0,0.012983890358259198,89.62403061397897,29.120714984756027,0.0166548164225585,798.1922629719412,active,10,6.5751244358977425,6.4901868187854905,0,1,0,0.009813181214509208,0
2026-06-27T20:32:23.679634,qwen15b-npu4,3421.0,3.0,0.0,0.00024044241404186373,70.68196530580451,25.733173408304022,0.013374708271591536,122.13075321414026,active,10,8.621668991069892,8.599990629491218,7,0.31439828830480954,0,0.00040317164485670375,128.99662263965445
2026-06-27T20:32:23.692951,qwen15b-npu5,3430.0,4.0,0.0,0.0003205898853890776,71.6998267799355,26.065032711337377,0.013355406183803415,123.82254824542359,active,10,8.819475433484683,8.8029154061096,7,0.27430791130529786,0,0.0003517613673867612,123.02443423163153
2026-06-27T20:32:23.705926,qwen15b-npu6,3427.0,6.0,0.0,0.00048088482808372746,77.01883060020089,28.218922693773266,0.012991078281026101,133.4581723976358,active,10,8.639093501945908,8.40820430574923,8,0.35854096358740234,0,0.0004597784256951587,137.9450384995416
2026-06-27T20:32:23.717461,qwen15b-npu7,3417.0,7.0,0.0,0.0005610322994309414,76.41543056799509,28.16132123664407,0.01381370526192766,132.73477477479673,active,10,8.666102208894905,8.711481426445529,10,0.2903766442056885,0,0.00037236726034230053,136.728552468239
2026-06-27T20:32:24.732343,qwen15b-npu3,2990.0,32.0,0.0,0.012983890358259198,89.62403061397897,29.10687436112428,0.0166548164225585,798.1922629719412,active,10,6.553612594569602,6.489077070585179,0,1,0,0.010922929414821704,0
2026-06-27T20:32:24.746874,qwen15b-npu4,3484.0,4.0,0.0,0.0003205898853890776,70.70463218316694,25.73306398405362,0.013427545493648567,122.14958725972821,active,10,8.697372485557551,8.924482969020525,7,0.2481088873981262,0,0.000318164799099946,122.92718233129145
2026-06-27T20:32:24.760037,qwen15b-npu5,3493.0,3.0,0.0,0.00024044241404186373,71.67430665272543,26.06062648395316,0.013393021765675844,123.78950366247216,active,10,8.745587284935745,8.52392283928893,5,0.3095501423484436,0,0.00039695457863069943,120.42067032711485
2026-06-27T20:32:24.772868,qwen15b-npu6,3489.0,2.0,0.0,0.0001602949426945388,77.00985008954797,28.2252641277113,0.013042383609299078,133.46636985693502,active,10,8.649069581973075,8.678997822054574,7,0.2986766263318115,0,0.00038301082161650544,135.14477134864714
2026-06-27T20:32:24.785289,qwen15b-npu7,3481.0,5.0,0.0,0.00040073735673640254,76.43282848403085,28.15882129908747,0.013886012951709553,132.7465298944948,active,10,8.647269265351618,8.590770434721758,10,0.29811981873369753,0,0.0003822967940802362,138.723055201456
2026-06-27T20:32:25.801144,qwen15b-npu3,3022.0,32.0,0.0,0.002725014025807493,90.776241117562,29.108063563156374,0.017239795311998086,940.8060774755318,active,10,6.538196031170035,6.491946340971333,0,1,0,0.00805365902866673,0
2026-06-27T20:32:25.814342,qwen15b-npu4,3549.0,4.0,0.0,0.0003205898853890776,70.66129751358613,25.727966633348384,0.013455955123117182,122.10408880155232,active,10,8.7266821588293,8.814611178644547,7,0.27064577680878205,0,0.00034706519427270575,119.21059405061318
2026-06-27T20:32:25.826863,qwen15b-npu5,3558.0,5.0,0.0,0.00040073735673640254,71.65773528690349,26.057700987474032,0.013433044161026185,123.75953455682209,active,10,8.708775094533875,8.598338523328268,8,0.3324575925264883,0,0.00042633016593925923,132.7611738624093
2026-06-27T20:32:25.840193,qwen15b-npu6,3555.0,4.0,0.0,0.0003205898853890776,76.98974025903371,28.222318878261657,0.013095228050710951,133.44144264051505,active,10,8.710740438215726,8.89575300694368,8,0.2378898071156775,0,0.0003050602639938171,140.47236716413562
2026-06-27T20:32:25.855310,qwen15b-npu7,3544.0,6.0,0.0,0.00048088482808372746,76.40960301287288,28.156015048848687,0.013928017239344247,132.71629625173384,active,10,8.598048001696123,8.450384210729636,9,0.3469028821769034,0,0.000444854220952983,138.05485446966676
2026-06-27T20:32:26.870791,qwen15b-npu3,3022.0,32.0,0.0,0.002725014025807493,90.776241117562,29.08885896742449,0.017239795311998086,940.8060774755318,active,10,6.527099865058109,6.493811366722334,0,1,0,0.006188633277665997,0
2026-06-27T20:32:26.883704,qwen15b-npu4,3612.0,4.0,0.0,0.0003205898853890776,70.65675827619906,25.723754843073298,0.01352651201483038,122.08125802016582,active,10,8.727911667534272,8.731600193649186,8,0.2852947549257083,0,0.0003658504511349996,121.69442552615752
2026-06-27T20:32:26.896317,qwen15b-npu5,3622.0,4.0,0.0,0.0003205898853890776,71.62121973401074,26.06399224301724,0.01349844268927974,123.74234212692585,active,10,8.644228494862688,8.450588695849127,7,0.3473474351422174,0,0.00044542429768982313,124.1307452303847
2026-06-27T20:32:26.908830,qwen15b-npu6,3617.0,6.0,0.0,0.00048088482808372746,76.97033737125665,28.230760570920594,0.013136712714955994,133.44507101266427,active,10,8.760482214006366,8.909707541378282,7,0.24212837462519038,0,0.00031049563148215827,132.93952646357772
2026-06-27T20:32:26.922396,qwen15b-npu7,3610.0,8.0,0.0,0.0006411797707782663,76.44807367773927,28.154501957287117,0.013988041063537661,132.75449762066592,active,10,8.57189568316782,8.493438727582914,9,0.33486187341498724,0,0.00042941331847717987,135.58804031402292
2026-06-27T20:32:27.938717,qwen15b-npu3,3022.0,32.0,0.0,0.005289733108920447,90.776241117562,29.062401469795063,0.017239795311998086,940.8060774755318,active,10,6.519080807158703,6.495023633460485,0,1,0,0.00497636653951552,0
2026-06-27T20:32:27.951589,qwen15b-npu4,3675.0,1.0,0.0,8.014747134732492e-05,70.61936456329968,25.72053087236209,0.013580477366959972,122.04288910703289,active,10,8.739690612676608,8.77502744810361,8,0.2729415907017104,0,0.0003500092531239269,120.77990418928395
2026-06-27T20:32:27.966641,qwen15b-npu5,3688.0,5.0,0.0,0.00040073735673640254,71.58012671998162,26.053269538671447,0.013568751555515686,123.67672076084159,active,10,8.648212564936827,8.660164775159247,8,0.3132758328424413,0,0.0004017322533845622,122.39387503043898
2026-06-27T20:32:27.980336,qwen15b-npu6,3680.0,3.0,0.0,0.00024044241404186373,77.05411574114925,28.241994918337724,0.013226118248994757,133.54747124941784,active,10,8.767401024771395,8.78815745706648,5,0.26675844350637373,0,0.00034208023532114373,140.7970768923585
2026-06-27T20:32:27.993892,qwen15b-npu7,3671.0,5.0,0.0,0.00040073735673640254,76.45342318182321,28.15961637040719,0.014054593248742375,132.7660629117502,active,10,8.59336989595247,8.657792534306418,7,0.3051602177197417,0,0.0003913251168963441,130.33018397268253
2026-06-27T20:32:29.008461,qwen15b-npu3,3022.0,32.0,0.0,0.005289733108920447,90.776241117562,29.0450125938278,0.017239795311998086,940.8060774755318,active,10,6.513039094159326,6.494913955161192,0,1,0,0.005086044838807245,0
2026-06-27T20:32:29.022688,qwen15b-npu4,3741.0,6.0,0.0,0.00048088482808372746,70.63655010744456,25.71622397619276,0.013618661989496378,122.05549303401368,active,10,8.793682475145989,8.955658062554132,10,0.22116203395611178,0,0.0002836092444736411,123.61707643801856
2026-06-27T20:32:29.038952,qwen15b-npu5,3750.0,4.0,0.0,0.0003205898853890776,71.5429090499878,26.043176467911213,0.01364938936869749,123.62097707595194,active,10,8.636800367393942,8.602563774765288,8,0.31300429134758684,0,0.0004013840395577063,124.88097348211821
2026-06-27T20:32:29.052825,qwen15b-npu6,3749.0,6.0,0.0,0.00048088482808372746,77.06747490045197,28.25030740943236,0.0133132652320292,133.578913525129,active,10,8.789572181593854,8.856085652061234,8,0.23901798827914292,0,0.00030650699787339574,139.78642378084956
2026-06-27T20:32:29.064479,qwen15b-npu7,3734.0,5.0,0.0,0.00040073735673640254,76.4395260976864,28.15468389306452,0.014095005103954911,132.73219728687116,active,10,8.611844035765687,8.667266455205336,6,0.2858541415178321,0,0.00036656778586880085,134.09570259173125
2026-06-27T20:32:30.078791,qwen15b-npu3,3022.0,32.0,0.0,0.005289733108920447,90.776241117562,29.029494957543577,0.017239795311998086,940.8060774755318,active,10,6.508489986686158,6.4948426642666535,0,1,0,0.005157335733346866,0
2026-06-27T20:32:30.093348,qwen15b-npu4,3807.0,7.0,0.0,0.0005610322994309414,70.60005409936126,25.709097385170942,0.01365111069010095,121.99930922725463,active,10,8.82558311577986,8.921285037681477,8,0.23125532207147265,0,0.00029655246879404384,121.75176020750936
2026-06-27T20:32:30.106840,qwen15b-npu5,3812.0,0.0,0.0,0.0,71.49709009048445,26.02929900628737,0.01370081714767681,123.54644191727932,active,10,8.59428564074058,8.466741460780492,7,0.33470278937593145,0,0.0004292093155418137,126.34796505857763
2026-06-27T20:32:30.120696,qwen15b-npu6,3815.0,6.0,0.0,0.00048088482808372746,77.04749419836043,28.24986781137468,0.013350700453909988,133.56924639126234,active,10,8.830800202698775,8.954484266013537,8,0.2209866923814429,0,0.00028338439353235955,128.682184785034
2026-06-27T20:32:30.135539,qwen15b-npu7,3797.0,5.0,0.0,0.00040073735673640254,76.42039029510957,28.14757959228643,0.01412662952544081,132.703184296177,active,10,8.605237760571079,8.585418934987256,9,0.3170551919865909,0,0.0004065787506440252,127.79752153783897
2026-06-27T20:32:31.150974,qwen15b-npu3,3022.0,32.0,0.0,0.00785445219203329,90.776241117562,29.014288536717746,0.017239795311998086,940.8060774755318,active,10,6.505066571310919,6.494796325185202,0,1,0,0.005203674814797619,0
2026-06-27T20:32:31.164061,qwen15b-npu4,3872.0,5.0,0.0,0.00040073735673640254,70.57846097414158,25.712038069516073,0.01368522643553892,121.99052659777352,active,10,8.851363908922263,8.928706288349472,8,0.23781595934645722,0,0.00030496556460230564,124.46674192779224
2026-06-27T20:32:31.177406,qwen15b-npu5,3876.0,5.0,0.0,0.00040073735673640254,71.48638659832525,26.02242198695306,0.013756309053278227,123.52409333244579,active,10,8.58362356968686,8.551637356525701,10,0.32693181309435543,0,0.00041924412995991976,128.1907700035396
2026-06-27T20:32:31.196036,qwen15b-npu6,3878.0,3.0,0.0,0.00024044241404186373,77.00272089676368,28.237607999490248,0.013414790255382322,133.48869445769287,active,10,8.79073427551984,8.670536493983036,7,0.27489135004793785,0,0.0003525095456253383,129.31765437050248
2026-06-27T20:32:31.208859,qwen15b-npu7,3862.0,3.0,0.0,0.00024044241404186373,76.45922173866022,28.154632870392657,0.014172969713635212,132.75331210917187,active,10,8.620831991746691,8.667614685273525,7,0.29358587479128406,0,0.0003764826478047935,144.0849774489379
2026-06-27T20:32:32.225356,qwen15b-npu3,3022.0,32.0,0.0,0.00785445219203329,90.776241117562,28.998131112646462,0.017239795311998086,940.8060774755318,active,10,6.502267066758982,6.49386855310317,0,1,0,0.006131446896830104,0
2026-06-27T20:32:32.238812,qwen15b-npu4,3938.0,4.0,0.0,0.0003205898853890776,70.55063233150328,25.710192481451198,0.013731890180708221,121.9510731581963,active,10,8.840259285517748,8.806945415304202,7,0.2639553735751972,0,0.00033848569184923954,125.11878327511604
2026-06-27T20:32:32.255217,qwen15b-npu5,3942.0,6.0,0.0,0.00048088482808372746,71.45850178192619,26.014869336540848,0.013786493640040136,123.48035745296217,active,10,8.588302483332987,8.602339224271363,8,0.321880678511331,0,0.00041276675933168874,119.60204865060223
2026-06-27T20:32:32.267620,qwen15b-npu6,3942.0,9.0,0.0,0.0007213272421254802,76.96866305693341,28.23326071478186,0.013475614024931401,133.45647796632798,active,10,8.80363724170061,8.84234614024292,11,0.2443043775311596,0,0.0003132860495711222,123.44191411943468
2026-06-27T20:32:32.280613,qwen15b-npu7,3927.0,2.0,0.0,0.0001602949426945388,76.44875164337975,28.15342676156363,0.014232091735332915,132.74629386367312,active,10,8.614676046130679,8.59620820928264,6,0.32208081861433463,0,0.00041302341090242037,130.17625931241872
2026-06-27T20:32:33.296700,qwen15b-npu3,3022.0,32.0,0.0,0.00785445219203329,90.776241117562,28.977753842758723,0.017239795311998086,940.8060774755318,active,10,6.498230885922572,6.49287351754519,0,1,0,0.007126482454809944,0
2026-06-27T20:32:33.310090,qwen15b-npu4,4002.0,5.0,0.0,0.00040073735673640254,70.5566305568491,25.71585844226172,0.01376036671535985,121.97092145681381,active,10,8.81641475959934,8.756984303747334,7,0.27777114533552083,0,0.00035620247859005974,127.55166497148414
2026-06-27T20:32:33.322512,qwen15b-npu5,4005.0,4.0,0.0,0.0003205898853890776,71.40567805734317,26.008403652463336,0.01380409366890953,123.41207806360653,active,10,8.60068547018258,8.651777827713387,7,0.30880708667103735,0,0.00039600171409286366,119.94276899545912
2026-06-27T20:32:33.336231,qwen15b-npu6,4009.0,6.0,0.0,0.00048088482808372746,76.89785190162648,28.216009927490333,0.01352514379341092,133.33624223441527,active,10,8.645598846885466,8.330711221330407,9,0.3635310995069149,0,0.0004661775741052403,130.31259704999871
2026-06-27T20:32:33.349056,qwen15b-npu7,3994.0,6.0,0.0,0.00048088482808372746,76.42124883520884,28.14205794750589,0.014271044639540044,132.6995742861924,active,10,8.652135436025624,8.74216483233186,9,0.2727978958645564,0,0.0003498249846784565,129.58836944025353
2026-06-27T20:32:34.363624,qwen15b-npu3,3022.0,32.0,0.0,0.007934599663380615,90.776241117562,28.952939256346728,0.017239795311998086,940.8060774755318,active,10,6.49682784647622,6.492618728137163,0,1,0,0.007381271862838115,0
2026-06-27T20:32:34.375984,qwen15b-npu4,4069.0,4.0,0.0,0.0003205898853890776,70.56696762409337,25.71960848481493,0.013836676058360389,121.98395143866362,active,10,8.82905557067119,8.86697800388674,8,0.24617624446808853,0,0.00031568645599819116,126.79055768655186
2026-06-27T20:32:34.391385,qwen15b-npu5,4070.0,5.0,0.0,0.00040073735673640254,71.35982331831273,25.99918690374002,0.013827416022016604,123.34708362004373,active,10,8.631601612671023,8.724350040136356,8,0.28822460633617425,0,0.00036960757404653854,121.7392867518773
2026-06-27T20:32:34.405035,qwen15b-npu6,4074.0,5.0,0.0,0.00040073735673640254,76.89986155205168,28.214090042386047,0.013574895830335856,133.34027648850798,active,10,8.624744762779777,8.562182510462705,9,0.3237952146794947,0,0.00041522188305458336,145.21468729350602
2026-06-27T20:32:34.417750,qwen15b-npu7,4057.0,5.0,0.0,0.00040073735673640254,76.4054673218157,28.13446037597679,0.014320270185221065,132.66659106497644,active,10,8.654245081645906,8.660574018506752,7,0.28669363231196165,0,0.0003676443148987376,141.885724802916
2026-06-27T20:32:35.432511,qwen15b-npu3,3022.0,32.0,0.0,0.010419171275146244,90.776241117562,28.926764089108385,0.017239795311998086,940.8060774755318,active,10,6.495509750692879,6.491555463342854,0,1,0,0.00844453665714596,0
2026-06-27T20:32:35.447646,qwen15b-npu4,4138.0,7.0,0.0,0.0005610322994309414,70.56131784670475,25.7125973871272,0.01389240669263607,121.97521256096796,active,10,8.838323046659058,8.86612547462266,12,0.24751455890425755,0,0.00031740265628500144,126.54815538199122
2026-06-27T20:32:35.461063,qwen15b-npu5,4133.0,7.0,0.0,0.0005610322994309414,71.33960152779946,25.996471978449396,0.013843205270839435,123.32042531567778,active,10,8.64642569525647,8.690897943012812,7,0.29672099411851327,0,0.0003805029979879909,123.44759304635157
2026-06-27T20:32:35.474501,qwen15b-npu6,4138.0,7.0,0.0,0.0005610322994309414,76.87933315915033,28.213282053218677,0.013590047433733501,133.314213278563,active,10,8.61284558957475,8.57714806995967,7,0.31984188954167153,0,0.0004101522988432201,131.70873544093163
2026-06-27T20:32:35.489081,qwen15b-npu7,4119.0,3.0,0.0,0.00024044241404186373,76.38238361374387,28.12685459014648,0.01433427587560013,132.63158563157202,active,10,8.621248992657293,8.522260725691453,6,0.31760086100277507,0,0.00040727849451348405,136.9018580632348
2026-06-27T20:32:36.503343,qwen15b-npu3,3022.0,32.0,0.0,0.010419171275146244,90.776241117562,28.90483484310459,0.017239795311998086,940.8060774755318,active,10,6.494348398326298,6.490864341226555,0,1,0,0.009135658773446059,0
2026-06-27T20:32:36.515687,qwen15b-npu4,4201.0,5.0,0.0,0.00040073735673640254,70.53366169365381,25.708749675240462,0.013943205778421997,121.9351289952693,active,10,8.805457684335892,8.70686159736639,9,0.2921344632877674,0,0.00037462141641455556,123.0623891289309
2026-06-27T20:32:36.527550,qwen15b-npu5,4200.0,6.0,0.0,0.00048088482808372746,71.30849673634484,25.991013473901432,0.01390961501463963,123.27930645948372,active,10,8.609721219042067,8.499607790398857,11,0.3241186461770336,0,0.00041563663852149874,122.49469304490218
2026-06-27T20:32:36.541323,qwen15b-npu6,4202.0,3.0,0.0,0.00024044241404186373,76.87372255756536,28.21261040155605,0.013607682552987018,133.3071530844717,active,10,8.613703832242741,8.616278560246714,4,0.3172722282020865,0,0.00040685706910583395,133.5025899667798
2026-06-27T20:32:36.554557,qwen15b-npu7,4185.0,6.0,0.0,0.00048088482808372746,76.34746199440357,28.118884441979077,0.01437337949328996,132.5817003254683,active,10,8.656749961485028,8.763252867968232,8,0.2939405596518038,0,0.0003769374813199418,132.43618339646386
2026-06-27T20:32:37.569024,qwen15b-npu3,3022.0,32.0,0.0,0.010419171275146244,90.776241117562,28.886929517616608,0.017239795311998086,940.8060774755318,active,10,6.493365076707463,6.490415111850959,0,1,0,0.009584888149041123,0
2026-06-27T20:32:37.582588,qwen15b-npu4,4261.0,6.0,0.0,0.00048088482808372746,70.51688386531706,25.70839426748748,0.01397396921709113,121.91502807285865,active,10,8.801492401622117,8.789596553480795,7,0.2773874011370488,0,0.0003557103805556383,121.09946058204211
2026-06-27T20:32:37.594721,qwen15b-npu5,4262.0,3.0,0.0,0.00024044241404186373,71.27429240749007,25.984738429451042,0.01394258722511892,123.23506887766867,active,10,8.64819693365441,8.763624077491436,4,0.2763021200150719,0,0.0003543186599536265,123.6572466334034
2026-06-27T20:32:37.606705,qwen15b-npu6,4270.0,8.0,0.0,0.0006411797707782663,76.87623618079013,28.21298802227612,0.013687873601033894,133.32060583313233,active,10,8.657202065285036,8.787696764411917,8,0.24997694833135622,0,0.0003205603248618807,133.15111178791167
2026-06-27T20:32:37.618479,qwen15b-npu7,4252.0,5.0,0.0,0.00040073735673640254,76.3224209128745,28.111184162140898,0.014416496008323386,132.5420405568376,active,10,8.645405337021241,8.611371463629881,10,0.3004363637736725,0,0.00038526743771570305,130.00837994815745
2026-06-27T20:32:38.632981,qwen15b-npu3,3022.0,32.0,0.0,0.012983890358259198,90.776241117562,28.873154925463155,0.017239795311998086,940.8060774755318,active,10,6.49233017280003,6.489225461077732,0,1,0,0.010774538922267448,0
2026-06-27T20:32:38.647255,qwen15b-npu4,4332.0,5.0,0.0,0.00040073735673640254,70.51904577957957,25.70810247834543,0.01403988285597775,121.90772672535559,active,10,8.80756624806204,8.825787787381808,9,0.2678018107390817,0,0.0003434182072473421,129.514236095931
2026-06-27T20:32:38.658865,qwen15b-npu5,4327.0,3.0,0.0,0.00024044241404186373,71.2425206256899,25.980714926821424,0.013986334794825427,123.18956077443383,active,10,8.634963787204764,8.595264347855831,6,0.2889713780097967,0,0.0003705652038275981,116.03984334277587
2026-06-27T20:32:38.672538,qwen15b-npu6,4330.0,5.0,0.0,0.00040073735673640254,76.84212958840244,28.202135093817784,0.013732009942428913,133.25302123803087,active,10,8.716980158542508,8.896314438314922,7,0.22811001641538153,0,0.00029251905607487476,133.1581139075302
2026-06-27T20:32:38.684285,qwen15b-npu7,4313.0,5.0,0.0,0.00040073735673640254,76.27175801208836,28.103702365348923,0.014455118338627958,132.47445254757343,active,10,8.565464005498304,8.325640010929495,10,0.3921586364528871,0,0.0005028883692591251,128.29643966017676
2026-06-27T20:32:39.701852,qwen15b-npu3,3054.0,32.0,0.0,0.002725014025807493,91.68727427584406,28.866792100191795,0.017716026463530682,1082.0977810910804,active,10,6.491395741137521,6.488592446149993,0,1,0,0.01140755385000682,0
2026-06-27T20:32:39.715945,qwen15b-npu4,4396.0,6.0,0.0,0.00048088482808372746,70.50520946374256,25.708217716024958,0.014081308034736284,121.89183187397886,active,10,8.833251320417085,8.91030653748222,10,0.2615711769804031,0,0.0003354282945969495,125.2352817517183
2026-06-27T20:32:39.729061,qwen15b-npu5,4391.0,3.0,0.0,0.00024044241404186373,71.23734255473397,25.980391439727487,0.014009325811063187,123.18619179220454,active,10,8.691266016500244,8.860172704386677,7,0.2753313957063679,0,0.0003530738423741159,124.48577852907772
2026-06-27T20:32:39.740978,qwen15b-npu6,4395.0,6.0,0.0,0.00048088482808372746,76.83739195640312,28.194710287284686,0.01378172632956389,133.23013139769895,active,10,8.636464326951767,8.394916832179543,8,0.345146510669998,0,0.0004426019211925866,134.44349240834765
2026-06-27T20:32:39.755916,qwen15b-npu7,4377.0,2.0,0.0,0.0001602949426945388,76.2450537617304,28.09719484642228,0.01447399178037553,132.43331309727262,active,10,8.502259861573949,8.31264742980088,6,0.3861531136943766,0,0.0004951871298477359,129.45916305656073
2026-06-27T20:32:40.771709,qwen15b-npu3,3054.0,32.0,0.0,0.002725014025807493,91.68727427584406,28.851849788046575,0.017716026463530682,1082.0977810910804,active,10,6.491454639625257,6.491631335088464,0,1,0,0.008368664911537056,0
2026-06-27T20:32:40.786777,qwen15b-npu4,4461.0,4.0,0.0,0.0003205898853890776,70.49112383011503,25.710072869110633,0.014106938290585647,121.8898096871836,active,10,8.785960945851272,8.644089822153836,7,0.301271265037262,0,0.0003863380813173218,124.31243201050971
2026-06-27T20:32:40.801890,qwen15b-npu5,4456.0,4.0,0.0,0.0003205898853890776,71.22750481326446,25.97436818570939,0.014027382071180289,123.15940594523207,active,10,8.69077474264771,8.68930092109011,8,0.2883404072091391,0,0.0003697560724009162,125.03949348382474
2026-06-27T20:32:40.814879,qwen15b-npu6,4461.0,5.0,0.0,0.00040073735673640254,76.83951863791478,28.198071286044506,0.013788117577020746,133.23746375874978,active,10,8.6240940426746,8.586983189843098,9,0.3337202319354987,0,0.00042794932363292217,139.07408035287415
2026-06-27T20:32:40.827498,qwen15b-npu7,4441.0,5.0,0.0,0.00040073735673640254,76.28063499538298,28.103500624271362,0.01450049133531411,132.478831935794,active,10,8.538919489755367,8.648898374299623,8,0.31662452390134477,0,0.00040602647931568066,143.45549394107493
2026-06-27T20:32:41.841982,qwen15b-npu3,3054.0,32.0,0.0,0.005289733108920447,91.68727427584406,28.825152386738836,0.017716026463530682,1082.0977810910804,active,10,6.4919926329435595,6.493606612898468,0,1,0,0.006393387101531709,0
2026-06-27T20:32:41.854960,qwen15b-npu4,4526.0,4.0,0.0,0.0003205898853890776,70.49338258160884,25.713577574112154,0.014148663033961591,121.89639096973798,active,10,8.763220893020735,8.695000734529124,11,0.3052013222742203,0,0.00039137782771400003,126.45722544863843
2026-06-27T20:32:41.868035,qwen15b-npu5,4521.0,3.0,0.0,0.00024044241404186373,71.22075412685274,25.974604386581504,0.014068454962699477,123.16048807421467,active,10,8.710581487888613,8.770001723611323,6,0.2749212646859404,0,0.0003525479069467727,128.32733433527872
2026-06-27T20:32:41.881293,qwen15b-npu6,4524.0,4.0,0.0,0.0003205898853890776,76.79458253685085,28.18213001184175,0.013813334006544204,133.16456798535748,active,10,8.587802479675807,8.478927790679426,7,0.34816815075807417,0,0.000446476750190704,137.45396866889848
2026-06-27T20:32:41.896445,qwen15b-npu7,4505.0,6.0,0.0,0.00048088482808372746,76.27564228070563,28.085985508997393,0.014530513895809337,132.44333534181396,active,10,8.47192471590939,8.270940394371458,8,0.3808059405358741,0,0.0004883301313275857,138.14593297850118
2026-06-27T20:32:42.912426,qwen15b-npu3,3054.0,32.0,0.0,0.005289733108920447,91.68727427584406,28.80106481443277,0.017716026463530682,1082.0977810910804,active,10,6.49249269765664,6.493992891795882,0,1,0,0.0060071082041177675,0
2026-06-27T20:32:42.926170,qwen15b-npu4,4592.0,5.0,0.0,0.00040073735673640254,70.49246314095288,25.71692803278112,0.014172507168568263,121.90478596032834,active,10,8.70827405866616,8.543433555602434,6,0.32963085947824317,0,0.00042270527784340464,120.41622932552794
2026-06-27T20:32:42.937913,qwen15b-npu5,4588.0,9.0,0.0,0.0007213272421254802,71.2154271193141,25.972727814195753,0.014092464522019534,123.15742237238456,active,10,8.720891542832117,8.751821707662632,11,0.2880738220458613,0,0.00036941421437314314,123.3439897710293
2026-06-27T20:32:42.951058,qwen15b-npu6,4587.0,2.0,0.0,0.0001602949426945388,76.77002947965114,28.169120715338735,0.013835978423907366,133.1105640867211,active,10,8.590850577512427,8.59999487102229,6,0.3138092979927482,0,0.00040241634751013477,134.536382697826
2026-06-27T20:32:42.964588,qwen15b-npu7,4568.0,6.0,0.0,0.00048088482808372746,76.26616448529339,28.07633792247412,0.014565565739091934,132.41425342041603,active,10,8.492970306575693,8.556107078574598,9,0.33502386134831813,0,0.00042962104524910783,136.927627241227
2026-06-27T20:32:43.979233,qwen15b-npu3,3054.0,32.0,0.0,0.005289733108920447,91.68727427584406,28.77988317707965,0.017716026463530682,1082.0977810910804,active,10,6.49293051651228,6.494243973079201,0,1,0,0.0057560269207987055,0
2026-06-27T20:32:43.994029,qwen15b-npu4,4657.0,5.0,0.0,0.00040073735673640254,70.49975539574635,25.720044701008824,0.014203200710761319,121.91035745990882,active,10,8.692014827332416,8.643237133331187,6,0.30176005866085803,0,0.00038696489048439017,128.96512154409584
2026-06-27T20:32:44.006188,qwen15b-npu5,4651.0,7.0,0.0,0.0005610322994309414,71.23802057314215,25.981066762767245,0.014142543471382265,123.18153408032474,active,10,8.752210152759817,8.846165982542919,9,0.2528729843298098,0,0.00032427408425719534,134.27212411090957
2026-06-27T20:32:44.018381,qwen15b-npu6,4653.0,6.0,0.0,0.00048088482808372746,76.75648996093672,28.163796198524548,0.013858206980854987,133.0875510705728,active,10,8.554139264117202,8.444005323931526,9,0.35710104369528634,0,0.00045793193068241706,136.84767559862772
2026-06-27T20:32:44.033300,qwen15b-npu7,4634.0,5.0,0.0,0.00040073735673640254,76.2260976308988,28.069797847120604,0.01459601966517802,132.36798161588857,active,10,8.507488870769052,8.551044563349127,8,0.3271405098764068,0,0.00041951175426966096,129.4881087525479
2026-06-27T20:32:45.047877,qwen15b-npu3,3054.0,32.0,0.0,0.0056904704656568494,91.68727427584406,28.75961584115418,0.017716026463530682,1082.0977810910804,active,10,6.49329968136255,6.494407175913359,0,1,0,0.005592824086641315,0
2026-06-27T20:32:45.060479,qwen15b-npu4,4723.0,4.0,0.0,0.0003205898853890776,70.49734739335491,25.72682820807283,0.014236416173458923,121.92194712922391,active,10,8.672947120366072,8.615743999467036,5,0.3273940381295577,0,0.0004198368686441582,131.6358431363645
2026-06-27T20:32:45.074485,qwen15b-npu5,4715.0,5.0,0.0,0.00040073735673640254,71.26854692258864,25.99445372981002,0.014183152547111236,123.23891426028149,active,10,8.795251112947025,8.924373993508649,7,0.22999243981437636,0,0.00029493299968182926,131.40972788132214
2026-06-27T20:32:45.086190,qwen15b-npu6,4715.0,7.0,0.0,0.0005610322994309414,76.76445484667038,28.154658152810818,0.013870420514723343,133.06865320669266,active,10,8.551551447100042,8.543787996048565,10,0.3196156784019361,0,0.00040986221482974827,139.3967653845271
2026-06-27T20:32:45.098765,qwen15b-npu7,4694.0,6.0,0.0,0.00048088482808372746,76.2190231120886,28.06285629279875,0.014620911734692354,132.3407186882328,active,10,8.569180102352737,8.754253797103793,8,0.2782663314196644,0,0.00035683748518993195,133.51182423632358
2026-06-27T20:32:46.114484,qwen15b-npu3,3054.0,32.0,0.0,0.00785445219203329,91.68727427584406,28.74122916634554,0.017716026463530682,1082.0977810910804,active,10,6.49337866254103,6.493615606076472,0,1,0,0.006384393923528507,0
2026-06-27T20:32:46.129464,qwen15b-npu4,4785.0,6.0,0.0,0.00048088482808372746,70.522201821099,25.743940520547167,0.014295373756131298,121.97936596019674,active,10,8.686120310259966,8.72563987994165,9,0.2784311247842125,0,0.0003570488095333552,137.29525442916437
2026-06-27T20:32:46.143484,qwen15b-npu5,4780.0,5.0,0.0,0.00040073735673640254,71.29424685713637,26.00224950496348,0.014193328297932349,123.28559479721426,active,10,8.748179400100312,8.606964261560178,7,0.30262008587934464,0,0.0003880677545940185,123.30991006514269
2026-06-27T20:32:46.157611,qwen15b-npu6,4779.0,5.0,0.0,0.00040073735673640254,76.73523914467269,28.147024069852925,0.013913516559159938,133.03277799161248,active,10,8.618196669651537,8.818132337306023,7,0.2515001909612585,0,0.00032251366958242495,136.44295950044008
2026-06-27T20:32:46.171054,qwen15b-npu7,4758.0,5.0,0.0,0.00040073735673640254,76.23125425453395,28.065181295377197,0.014638986127204665,132.3619693279467,active,10,8.577372101747352,8.601948099931198,9,0.3121231154227818,0,0.0004002540552027604,141.35020587559035
2026-06-27T20:32:47.184894,qwen15b-npu3,3054.0,32.0,0.0,0.00785445219203329,91.68727427584406,28.72839697702624,0.017716026463530682,1082.0977810910804,active,10,6.493309268326396,6.493101085682495,0,1,0,0.006898914317505181,0
2026-06-27T20:32:47.197085,qwen15b-npu4,4852.0,7.0,0.0,0.0005610322994309414,70.52694974806518,25.751336255364293,0.01434842425168773,122.01464417253307,active,10,8.700350996203497,8.743043054034086,10,0.29035523110973815,0,0.00037233980105442176,121.18218952014819
2026-06-27T20:32:47.210356,qwen15b-npu5,4843.0,4.0,0.0,0.0003205898853890776,71.29512560803265,26.000945380039923,0.014231135912739841,123.28104750229981,active,10,8.756365155707318,8.780922422528336,5,0.26232805582157404,0,0.00033639888540076433,128.23204217911132
2026-06-27T20:32:47.223629,qwen15b-npu6,4839.0,4.0,0.0,0.0003205898853890776,76.71361862319785,28.1481236189886,0.013942770527482171,133.0063238059141,active,10,8.61084233722434,8.58877933994275,6,0.31660012412481797,0,0.0004059951900294057,130.980452278969
2026-06-27T20:32:47.240494,qwen15b-npu7,4825.0,7.0,0.0,0.0005610322994309414,76.22242764487785,28.061596613778196,0.014669010178083572,132.3427026958034,active,10,8.6064273440128,8.693593070809147,9,0.26850502502480816,0,0.00034431998079644655,137.49817980679873
2026-06-27T20:32:48.254606,qwen15b-npu3,3054.0,32.0,0.0,0.00785445219203329,91.68727427584406,28.71266342522669,0.017716026463530682,1082.0977810910804,active,10,6.493017525466039,6.492549262559955,0,1,0,0.007450737440045163,0
2026-06-27T20:32:48.266498,qwen15b-npu4,4913.0,7.0,0.0,0.0005610322994309414,70.54523909235107,25.763265060289886,0.014390509768685113,122.04035332072723,active,10,8.578540551422149,8.487349772136085,9,0.3458000851438644,0,0.0004434400386552896,129.76622455433494
2026-06-27T20:32:48.279868,qwen15b-npu5,4907.0,5.0,0.0,0.00040073735673640254,71.28085190248461,25.999981549171487,0.014260856669788248,123.26514130338616,active,10,8.80665173689611,8.88113218015781,8,0.23333360358461502,0,0.0002992175729224904,132.7721417981308
2026-06-27T20:32:48.293493,qwen15b-npu6,4905.0,4.0,0.0,0.0003205898853890776,76.70956790507995,28.142074332526263,0.013959354149474502,133.00140445838406,active,10,8.605116828115335,8.6000819580279,7,0.3142323024427356,0,0.00040295879130269636,131.57453463765592
2026-06-27T20:32:48.307221,qwen15b-npu7,4886.0,6.0,0.0,0.00048088482808372746,76.21066627861582,28.05511762970172,0.014739630003305557,132.32080630165854,active,10,8.585953271400172,8.568708367832105,8,0.32234962307298143,0,0.0004133681148647787,131.63645824398714
2026-06-27T20:32:49.321597,qwen15b-npu3,3054.0,32.0,0.0,0.010419171275146244,91.68727427584406,28.69857770125509,0.017716026463530682,1082.0977810910804,active,10,6.492640721778947,6.49151031071767,0,1,0,0.00848968928233054,0
2026-06-27T20:32:49.336133,qwen15b-npu4,4977.0,3.0,0.0,0.00024044241404186373,70.58880016318474,25.77863427902143,0.014416199626623553,122.11731968992054,active,10,8.56627578698554,8.529481493675718,8,0.33414505534351185,0,0.0004284940999836791,127.98017822472593
2026-06-27T20:32:49.348168,qwen15b-npu5,4971.0,5.0,0.0,0.00040073735673640254,71.3107783509989,26.00454048319083,0.014282946470794965,123.30168041904687,active,10,8.842371047034407,8.949528977449292,8,0.23916684232999977,0,0.0003066978822857959,136.79125095300043
2026-06-27T20:32:49.363283,qwen15b-npu6,4970.0,8.0,0.0,0.0006411797707782663,76.72270322949353,28.129200046626888,0.013978977041708971,132.98456789888172,active,10,8.611392875258524,8.630221016688091,8,0.3136259965877781,0,0.0004021812892044935,137.46392283596606
2026-06-27T20:32:49.376780,qwen15b-npu7,4949.0,6.0,0.0,0.00048088482808372746,76.17130349876665,28.041032929644402,0.014747184439005728,132.25365070771159,active,10,8.566289696369559,8.50729897127772,8,0.34077725499743794,0,0.0004369989644914108,131.27613376920436
2026-06-27T20:32:50.390940,qwen15b-npu3,3054.0,32.0,0.0,0.010419171275146244,91.68727427584406,28.688510502999495,0.017716026463530682,1082.0977810910804,active,10,6.492189289339256,6.490834992020185,0,1,0,0.009165007979816037,0
2026-06-27T20:32:50.404357,qwen15b-npu4,5042.0,4.0,0.0,0.0003205898853890776,70.64757239293692,25.79131468842884,0.014455655804255287,122.19596406021209,active,10,8.554758459383898,8.520206476578966,6,0.3265692859732827,0,0.0004187792398471323,138.31178512212804
2026-06-27T20:32:50.417815,qwen15b-npu5,5039.0,6.0,0.0,0.00048088482808372746,71.33124986085704,26.016348626581344,0.014320124122525714,123.34952217109627,active,10,8.9133745929109,9.12638523054038,9,0.19920844751449984,0,0.0002554568534288559,124.7934205668134
2026-06-27T20:32:50.430111,qwen15b-npu6,5032.0,7.0,0.0,0.0005610322994309414,76.71255157558642,28.11648109047581,0.013986378411007905,132.9489277665007,active,10,8.581694732504442,8.492600304242195,8,0.33510689778205577,0,0.0004297275278122254,129.87497604438428
2026-06-27T20:32:50.443420,qwen15b-npu7,5010.0,6.0,0.0,0.00048088482808372746,76.13953344836206,28.03179003195254,0.014761490423750048,132.20212887079953,active,10,8.54376957272175,8.476209201778321,8,0.33088021574833465,0,0.0004243074017771579,133.9412155324085
2026-06-27T20:32:51.457879,qwen15b-npu3,3054.0,32.0,0.0,0.010419171275146244,91.68727427584406,28.681471099454363,0.017716026463530682,1082.0977810910804,active,10,6.491740975721147,6.490396034866819,0,1,0,0.009603965133181609,0
2026-06-27T20:32:51.473030,qwen15b-npu4,5102.0,2.0,0.0,0.0001602949426945388,70.66922335473288,25.80002797794418,0.014491386578696037,122.24229867026936,active,10,8.558792627924872,8.570895133547793,7,0.32164503588263377,0,0.0004124645807583769,129.2570815851321
2026-06-27T20:32:51.486235,qwen15b-npu5,5106.0,5.0,0.0,0.00040073735673640254,71.3446557265004,26.021933402794588,0.014354006066201607,123.36402095441092,active,10,8.958422680603489,9.093566943681257,9,0.1732354908844249,0,0.0002221501846718449,138.0056372713001
2026-06-27T20:32:51.498446,qwen15b-npu6,5093.0,5.0,0.0,0.00040073735673640254,76.67476897293052,28.10758649200724,0.013998435002371265,132.89409702627657,active,10,8.581816351130762,8.582181207009723,9,0.32719448355833625,0,0.00041958096793568735,129.18349821897834
2026-06-27T20:32:51.512513,qwen15b-npu7,5075.0,4.0,0.0,0.0003205898853890776,76.11116827415128,28.023755881730708,0.014796013809529815,132.16145007580238,active,10,8.55927767374327,8.605801976807829,7,0.30257214023641754,0,0.00038800627104132977,130.8999393515823
2026-06-27T20:32:52.528730,qwen15b-npu3,3054.0,32.0,0.0,0.012983890358259198,91.68727427584406,28.676071535214994,0.017716026463530682,1082.0977810910804,active,10,6.49110899705037,6.489213061038042,0,1,0,0.010786938961958764,0
2026-06-27T20:32:52.547115,qwen15b-npu4,5167.0,1.0,0.0,8.014747134732492e-05,70.65925312983543,25.800143542584376,0.014554302542101341,122.23072832885104,active,10,8.564874716600595,8.583120982627769,9,0.31844427332371195,0,0.0004083600523506859,133.0821417187322
2026-06-27T20:32:52.560761,qwen15b-npu5,5173.0,3.0,0.0,0.00024044241404186373,71.31266289745473,26.02074045450263,0.014406386958271282,123.3357985276499,active,10,8.992328533206937,9.094046091017281,6,0.20010306907487618,0,0.0002566040799228763,128.47031688699357
2026-06-27T20:32:52.572756,qwen15b-npu6,5158.0,4.0,0.0,0.0003205898853890776,76.64011304995125,28.101656195956078,0.014029682123493332,132.84531103908046,active,10,8.55934161305711,8.491917398836154,6,0.34392641431291854,0,0.00044103731898750137,134.04880457164936
2026-06-27T20:32:52.584854,qwen15b-npu7,5138.0,5.0,0.0,0.00040073735673640254,76.12771443143899,28.03115415144005,0.014827380581808977,132.1895692003639,active,10,8.513531923669484,8.376294673448125,9,0.3935468911536714,0,0.0005046686109207824,140.60241040219577
2026-06-27T20:32:53.618917,qwen15b-npu3,3059.0,6.0,0.0,0.0006411797707782663,91.70428971598919,28.679016898520207,0.018147828409332156,1219.7672487788523,active,10,6.490442779800111,6.488444128049337,0,1,0,0.011555871950663914,0
2026-06-27T20:32:53.634638,qwen15b-npu4,5232.0,3.0,0.0,0.00024044241404186373,70.65712826879017,25.810473602406354,0.014588655752057296,122.2487445724788,active,10,8.632417596004858,8.835046234217645,8,0.2726137776604128,0,0.00034958887894259813,125.38969980960246
2026-06-27T20:32:53.646891,qwen15b-npu5,5237.0,4.0,0.0,0.0003205898853890776,71.30062154442476,26.023928678758583,0.014419937897876935,123.32612451452037,active,10,8.948654751915186,8.817633408039931,7,0.2613169948986695,0,0.00033510234177917423,128.77648234106988
2026-06-27T20:32:53.660264,qwen15b-npu6,5226.0,4.0,0.0,0.0003205898853890776,76.63112037080575,28.098407085591692,0.014054945429262214,132.8305241158528,active,10,8.52551449033145,8.424033122154468,8,0.35480216930339703,0,0.0004549839471711805,144.55736232618656
2026-06-27T20:32:53.676733,qwen15b-npu7,5203.0,5.0,0.0,0.00040073735673640254,76.12997422923084,28.044058668658987,0.014851728993828651,132.22309818036695,active,10,8.462369149805966,8.308880828215406,9,0.3870554792498864,0,0.0004963442869278131,143.4274434231277
2026-06-27T20:32:54.693187,qwen15b-npu3,3086.0,32.0,0.0,0.002725014025807493,92.34550782634466,28.66441847184639,0.018147828409332156,1219.7672487788523,active,10,6.490715816930843,6.491534928323036,0,1,0,0.008465071676964166,0
2026-06-27T20:32:54.706264,qwen15b-npu4,5293.0,4.0,0.0,0.0003205898853890776,70.68001582089656,25.81989742511236,0.0146065796498771,122.29418119215329,active,10,8.694481591394732,8.880673577564352,8,0.2428239554792683,0,0.0003113876162273411,136.38494970368896
2026-06-27T20:32:54.719886,qwen15b-npu5,5302.0,6.0,0.0,0.00048088482808372746,71.29391235299761,26.025630186424763,0.014438095688192543,123.33130039958155,active,10,8.876170546537107,8.658717930402874,12,0.2792310466841352,0,0.00035807459701420413,123.21488525886119
2026-06-27T20:32:54.733039,qwen15b-npu6,5288.0,3.0,0.0,0.00024044241404186373,76.60638817139365,28.096923762377337,0.014068900858901345,132.80639382274848,active,10,8.555427030858567,8.645164652439918,6,0.31812141004720806,0,0.0004079460255474445,133.22717655012696
2026-06-27T20:32:54.749049,qwen15b-npu7,5266.0,3.0,0.0,0.00024044241404186373,76.17813858114808,28.05215336965033,0.014860151032793355,132.2883589923563,active,10,8.426995480105086,8.320874471002446,6,0.38283606151242616,0,0.0004909334763323832,135.77272618770567
2026-06-27T20:32:55.765163,qwen15b-npu3,3086.0,32.0,0.0,0.0029654564398493566,92.34550782634466,28.648880436555558,0.018147828409332156,1219.7672487788523,active,10,6.491422849823367,6.493543948500942,0,1,0,0.006456051499059331,0
2026-06-27T20:32:55.779045,qwen15b-npu4,5361.0,6.0,0.0,0.00048088482808372746,70.68691536508996,25.821698899100458,0.014624981503238828,122.30804449057204,active,10,8.696574001512804,8.702851231867019,9,0.2672105710615244,0,0.0003426600254055126,127.94586565319344
2026-06-27T20:32:55.791584,qwen15b-npu5,5374.0,5.0,0.0,0.00040073735673640254,71.27963072489662,26.020742004461457,0.014476517964793411,123.30373689257515,active,10,8.781667240115121,8.498157320849163,5,0.33462518034468786,0,0.00042910979286006216,126.4390549533087
2026-06-27T20:32:55.806220,qwen15b-npu6,5353.0,6.0,0.0,0.00048088482808372746,76.56543298946147,28.087146608138887,0.014069523468572511,132.74126298896928,active,10,8.571976581557553,8.621625233654512,10,0.31615391653068525,0,0.0004054229914635798,136.21893723987415
2026-06-27T20:32:55.820685,qwen15b-npu7,5324.0,6.0,0.0,0.00048088482808372746,76.15914060870656,28.04745988549141,0.014880435264512293,132.25592596372746,active,10,8.465590256581127,8.58137458600925,8,0.33634343998307703,0,0.00043131321950222625,133.38301608959006
2026-06-27T20:32:56.834977,qwen15b-npu3,3086.0,32.0,0.0,0.005289733108920447,92.34550782634466,28.636301056571398,0.018147828409332156,1219.7672487788523,active,10,6.492055177351897,6.493952159937489,0,1,0,0.006047840062510722,0
2026-06-27T20:32:56.847435,qwen15b-npu4,5427.0,6.0,0.0,0.00048088482808372746,70.69777089279397,25.820941621793047,0.014642501276739998,122.31640950290534,active,10,8.679957768626185,8.630109069966327,7,0.30493687118999085,0,0.0003910387063428878,124.61554585463615
2026-06-27T20:32:56.860942,qwen15b-npu5,5436.0,6.0,0.0,0.00048088482808372746,71.26429082717503,26.01594395435042,0.014491966118165878,123.27832751667377,active,10,8.736386910238313,8.600545920607889,6,0.3050063672240471,0,0.00039112782524521755,124.07306664439162
2026-06-27T20:32:56.872700,qwen15b-npu6,5417.0,4.0,0.0,0.0003205898853890776,76.5360223866266,28.08280984968485,0.014092618033304876,132.70557019205873,active,10,8.669615876807338,8.962533762556696,7,0.2273750457449454,0,0.0002915765594228906,140.06565262733838
2026-06-27T20:32:56.887421,qwen15b-npu7,5393.0,5.0,0.0,0.00040073735673640254,76.13372687791244,28.04449991486342,0.014911990919833893,132.22709294816337,active,10,8.478562294025604,8.517478406359032,9,0.3279982359890001,0,0.00042061166753418796,130.34462646572715
2026-06-27T20:32:57.902153,qwen15b-npu3,3086.0,32.0,0.0,0.005289733108920447,92.34550782634466,28.624089395693908,0.018147828409332156,1219.7672487788523,active,10,6.492595757356734,6.494217497371246,0,1,0,0.005782502628754126,0
2026-06-27T20:32:57.915929,qwen15b-npu4,5489.0,5.0,0.0,0.00040073735673640254,70.70067163850683,25.82042214553619,0.014648932724182148,122.3166096266977,active,10,8.61993509434871,8.439867071516288,7,0.35133396627349406,0,0.00045053646392370655,131.127019983624
2026-06-27T20:32:57.929628,qwen15b-npu5,5502.0,7.0,0.0,0.0005610322994309414,71.23559607197613,26.012626375016303,0.01451032295405773,123.23852497243811,active,10,8.689599096342178,8.54923565465377,8,0.3295041386956306,0,0.000422542776238696,126.62920471554645
2026-06-27T20:32:57.943395,qwen15b-npu6,5483.0,3.0,0.0,0.00024044241404186373,76.52075086743558,28.078644824782177,0.01411923646192652,132.68293796762717,active,10,8.68199623452248,8.719137307667907,10,0.2790437797342145,0,0.0003578344534541835,135.48747869535637
2026-06-27T20:32:57.955833,qwen15b-npu7,5455.0,4.0,0.0,0.0003205898853890776,76.14766959199984,28.04384134934989,0.014915259087453215,132.23739333934384,active,10,8.527359003166096,8.67374913058757,7,0.3006988533928501,0,0.0003856040437833993,135.98090605736124
2026-06-27T20:32:58.971680,qwen15b-npu3,3086.0,32.0,0.0,0.005289733108920447,92.34550782634466,28.61576595225683,0.018147828409332156,1219.7672487788523,active,10,6.493044309693348,6.494389966703188,0,1,0,0.005610033296812338,0
2026-06-27T20:32:58.985346,qwen15b-npu4,5555.0,6.0,0.0,0.00048088482808372746,70.69662078665141,25.817890968386813,0.014677535205440007,122.3125867082544,active,10,8.694112599955298,8.916645116775065,6,0.25024207807777116,0,0.000320900316521973,122.89033379781316
2026-06-27T20:32:59.000838,qwen15b-npu5,5566.0,6.0,0.0,0.00048088482808372746,71.21377705756683,26.010561956854886,0.014532026599357298,123.21087110389783,active,10,8.65915032269966,8.5678040017721,7,0.3235526901521599,0,0.0004149108794128933,125.74541397573945
2026-06-27T20:32:59.015528,qwen15b-npu6,5547.0,7.0,0.0,0.0005610322994309414,76.49133195528066,28.071305857987824,0.01413111093730644,132.6403652262722,active,10,8.711837372851104,8.801360787836979,11,0.24700345682723943,0,0.0003167472396598716,136.08358959773835
2026-06-27T20:32:59.027756,qwen15b-npu7,5522.0,2.0,0.0,0.0001602949426945388,76.16110229699433,28.03705423938643,0.014944834794297767,132.24036011143005,active,10,8.517852350561649,8.48933239274831,5,0.3267042547053525,0,0.0004189523182885142,132.40154489698278
2026-06-27T20:33:00.042495,qwen15b-npu3,3086.0,32.0,0.0,0.00785445219203329,92.34550782634466,28.608095796580027,0.018147828409332156,1219.7672487788523,active,10,6.493401737308505,6.494474020153978,0,1,0,0.005525979846021701,0
2026-06-27T20:33:00.056158,qwen15b-npu4,5620.0,3.0,0.0,0.00024044241404186373,70.68684045954531,25.81724081206335,0.014701102494016358,122.30199888351231,active,10,8.707002293727491,8.74567137504407,5,0.27203235075055127,0,0.0003488432805970233,123.71996596143862
2026-06-27T20:33:00.070287,qwen15b-npu5,5629.0,5.0,0.0,0.00040073735673640254,71.20295404477237,26.007486301929845,0.014550283320374538,123.19883870519102,active,10,8.63913294367395,8.579080806596819,10,0.319684248598904,0,0.0004099501464761215,125.04524778450775
2026-06-27T20:33:00.082771,qwen15b-npu6,5612.0,6.0,0.0,0.00048088482808372746,76.49815949217728,28.068153629442676,0.014142041019449127,132.64345195936238,active,10,8.668165778109964,8.537150993886543,10,0.3136772469377056,0,0.000402247010579746,139.06462703793295
2026-06-27T20:33:00.095754,qwen15b-npu7,5585.0,5.0,0.0,0.00040073735673640254,76.16732045808004,28.032791059197923,0.01496834845367134,132.2274639887521,active,10,8.565692978060879,8.709214860558568,7,0.29985776555847915,0,0.0003845254667737114,134.5620421936531
2026-06-27T20:33:01.111314,qwen15b-npu3,3086.0,32.0,0.0,0.00785445219203329,92.34550782634466,28.60584822951133,0.018147828409332156,1219.7672487788523,active,10,6.493466066689598,6.493659054832874,0,1,0,0.0063409451671257566,0
2026-06-27T20:33:01.127381,qwen15b-npu4,5685.0,4.0,0.0,0.0003205898853890776,70.67375438928394,25.821949283009694,0.014724912179254637,122.29816107688687,active,10,8.693298865964481,8.65218858267545,6,0.3080710279878583,0,0.00039505782221736975,126.89326444175474
2026-06-27T20:33:01.141449,qwen15b-npu5,5694.0,6.0,0.0,0.00048088482808372746,71.2015925686444,26.004557254691285,0.01458344869115088,123.19256801967126,active,10,8.6569628132615,8.710452422024156,9,0.3171697615892876,0,0.00040672567006721984,124.5147282573013
2026-06-27T20:33:01.153259,qwen15b-npu6,5675.0,5.0,0.0,0.00040073735673640254,76.47979093543233,28.064977184180805,0.014179823235570065,132.6143954646474,active,10,8.623906151425166,8.491127271370768,8,0.33514021050950865,0,0.0004297702467061395,135.50015436269473
2026-06-27T20:33:01.165034,qwen15b-npu7,5651.0,8.0,0.0,0.0006411797707782663,76.1248878495205,28.02404495961107,0.014996017555148032,132.1806151507004,active,10,8.54739902113265,8.492517150347963,9,0.3261575476130114,0,0.00041825124323221705,127.72914484332128
2026-06-27T20:33:02.179433,qwen15b-npu3,3086.0,32.0,0.0,0.00785445219203329,92.34550782634466,28.61177389930929,0.018147828409332156,1219.7672487788523,active,10,6.493381881860737,6.493129327374156,0,1,0,0.006870672625843393,0
2026-06-27T20:33:02.191764,qwen15b-npu4,5748.0,4.0,0.0,0.0003205898853890776,70.66648501692833,25.822788742688317,0.014751489715635517,122.29249910723864,active,10,8.669792991983197,8.599275370039345,9,0.2877461681921079,0,0.0003689940443274675,125.94180201688636
2026-06-27T20:33:02.204817,qwen15b-npu5,5757.0,5.0,0.0,0.00040073735673640254,71.22900665313684,26.01128690841198,0.014617735260337139,123.23366321316392,active,10,8.614464826436516,8.48697086596156,5,0.3374103450330369,0,0.0004326813753729975,133.345530714776
2026-06-27T20:33:02.218952,qwen15b-npu6,5739.0,5.0,0.0,0.00040073735673640254,76.47588656409357,28.06268658581781,0.014224912475237038,132.6066708086674,active,10,8.689314661054171,8.885540189941187,8,0.23971613683118062,0,0.00030740227533055444,131.9224178606102
2026-06-27T20:33:02.243600,qwen15b-npu7,5712.0,4.0,0.0,0.0003205898853890776,76.17699106534322,28.038208921195043,0.015040028908743295,132.24729318334843,active,10,8.627139631683542,8.86636146333622,10,0.25575240594845744,0,0.00032796653804402964,142.7946275750998
2026-06-27T20:33:03.258494,qwen15b-npu3,3086.0,32.0,0.0,0.010419171275146244,92.34550782634466,28.61338626973294,0.018147828409332156,1219.7672487788523,active,10,6.492840382644186,6.4916635429955925,0,1,0,0.008336457004407593,0
2026-06-27T20:33:03.271163,qwen15b-npu4,5814.0,5.0,0.0,0.00040073735673640254,70.64223949713194,25.82273250223466,0.01477737303200604,122.26123020968681,active,10,8.656574471597136,8.540575622805646,7,0.3315727560611656,0,0.00042519548745519964,119.418254049035
2026-06-27T20:33:03.282733,qwen15b-npu5,5822.0,6.0,0.0,0.00048088482808372746,71.2224538282855,26.015542220821,0.014645585243564224,123.24058157178945,active,10,8.630820754141642,8.707279865254751,8,0.30114962077645807,0,0.0003861820896388002,127.025699845018
2026-06-27T20:33:03.294655,qwen15b-npu6,5804.0,4.0,0.0,0.0003205898853890776,76.47817571108955,28.062468975621854,0.01423636925280385,132.61128030877916,active,10,8.67773759396347,8.631025057129545,8,0.3036238178111738,0,0.0003893548998139954,139.7555640788329
2026-06-27T20:33:03.305948,qwen15b-npu7,5776.0,4.0,0.0,0.0003205898853890776,76.1987242507142,28.045534103476115,0.015055233684879264,132.2855159353801,active,10,8.686699133900857,8.675238594518099,9,0.2819616415132232,0,0.00036157620134743114,137.88915747051155
2026-06-27T20:33:04.320429,qwen15b-npu3,3086.0,32.0,0.0,0.010419171275146244,92.34550782634466,28.610972492684425,0.018147828409332156,1219.7672487788523,active,10,6.492363935233348,6.490934593000834,0,1,0,0.009065406999166121,0
2026-06-27T20:33:04.334432,qwen15b-npu4,5880.0,5.0,0.0,0.00040073735673640254,70.63884816202176,25.823050488468446,0.01480750262983728,122.2674214789208,active,10,8.698392824510469,8.82384788325047,7,0.25927229143975766,0,0.00033248029678896836,124.72447799927274
2026-06-27T20:33:04.348084,qwen15b-npu5,5887.0,3.0,0.0,0.00024044241404186373,71.23177230145502,26.01185296422099,0.014671189996589895,123.24447120475898,active,10,8.657668799145469,8.73821293415695,6,0.28324725350469776,0,0.00036322481815139726,125.93447221127973
2026-06-27T20:33:04.363744,qwen15b-npu6,5869.0,6.0,0.0,0.00048088482808372746,76.42330666745333,28.046725184770857,0.014259623598548378,132.52980242481095,active,10,8.71493685236501,8.826534627569632,11,0.284855481577263,0,0.0003652871447652742,126.3744840447858
2026-06-27T20:33:04.375901,qwen15b-npu7,5839.0,5.0,0.0,0.00040073735673640254,76.17149587403546,28.036952634211147,0.015074449383029601,132.24759052035455,active,10,8.656713859279495,8.566758035415408,8,0.31452506698359506,0,0.00040333422070513487,128.2257516642037
2026-06-27T20:33:05.390727,qwen15b-npu3,3086.0,32.0,0.0,0.010419171275146244,92.34550782634466,28.60520085619165,0.018147828409332156,1219.7672487788523,active,10,6.491888145301071,6.490460775504241,0,1,0,0.009539224495759164,0
2026-06-27T20:33:05.404065,qwen15b-npu4,5943.0,3.0,0.0,0.00024044241404186373,70.63142101551655,25.82480446263696,0.014837743466280522,122.25780373088361,active,10,8.663581227676808,8.559146437175828,7,0.3435269894358425,0,0.00044052511268522263,124.699235495999
2026-06-27T20:33:05.416309,qwen15b-npu5,5952.0,5.0,0.0,0.00040073735673640254,71.18757946356651,26.00724507756219,0.01468962143865166,123.18439883611887,active,10,8.673324706529325,8.720292428680889,7,0.27161071477805354,0,0.0003483025916845854,125.36231490190838
2026-06-27T20:33:05.430517,qwen15b-npu6,5934.0,4.0,0.0,0.0003205898853890776,76.39639723931735,28.02421977278498,0.014285004726291956,132.4552204748785,active,10,8.760943924577386,8.898965141214513,9,0.22890606302522093,0,0.0002935398740405168,134.70494563647534
2026-06-27T20:33:05.442597,qwen15b-npu7,5907.0,5.0,0.0,0.00040073735673640254,76.13684849749569,28.017562308641967,0.01509456047534294,132.17206222578116,active,10,8.611660440868171,8.476500185634201,4,0.3575662935393368,0,0.00045852854825916716,125.14064560729615
2026-06-27T20:33:06.457200,qwen15b-npu3,3086.0,32.0,0.0,0.010419171275146244,92.34550782634466,28.6006385327765,0.018147828409332156,1219.7672487788523,active,10,6.4914543075086675,6.490152794131456,0,1,0,0.009847205868544642,0
2026-06-27T20:33:06.473476,qwen15b-npu4,6009.0,3.0,0.0,0.00024044241404186373,70.64050659202542,25.831061324009536,0.01488329802465363,122.27597440674509,active,10,8.595377436713807,8.390766063824803,8,0.3545425431332976,0,0.00045465101307469934,136.9684388423036
2026-06-27T20:33:06.486189,qwen15b-npu5,6017.0,2.0,0.0,0.0001602949426945388,71.15919458840364,26.00155923621618,0.014708109880674763,123.15111168205787,active,10,8.680005270229485,8.700046961329964,9,0.2859219646057348,0,0.00036665475945272136,123.57249730171225
2026-06-27T20:33:06.497823,qwen15b-npu6,6000.0,3.0,0.0,0.00024044241404186373,76.36962560812633,28.012968258677706,0.014315157560665405,132.40571918786466,active,10,8.807561493336395,8.947414199613423,8,0.2144139409663936,0,0.00027495576304098826,129.67892123584488
2026-06-27T20:33:06.513345,qwen15b-npu7,5971.0,5.0,0.0,0.00040073735673640254,76.11790060338174,28.008061543731056,0.015110892770253948,132.1398462031546,active,10,8.657411631865468,8.794665204857356,7,0.2761680908005689,0,0.00035414678631154724,131.4447661677296
2026-06-27T20:33:07.527311,qwen15b-npu3,3086.0,32.0,0.0,0.012983890358259198,92.34550782634466,28.592584042219606,0.018147828409332156,1219.7672487788523,active,10,6.490854469271515,6.489054954560056,0,1,0,0.010945045439944736,0
2026-06-27T20:33:07.541753,qwen15b-npu4,6073.0,2.0,0.0,0.0001602949426945388,70.68017379821045,25.844685387596506,0.014935364613222422,122.34678000643633,active,10,8.635877723737543,8.757378584808752,8,0.2960776530366434,0,0.0003796780034132069,133.95237463822636
2026-06-27T20:33:07.555647,qwen15b-npu5,6083.0,5.0,0.0,0.00040073735673640254,71.13069957286027,25.9978265336657,0.014731677074606596,123.11685122555662,active,10,8.657422647399361,8.58967477890899,8,0.31709927699372764,0,0.0004066352834735735,120.64359868990172
2026-06-27T20:33:07.567466,qwen15b-npu6,6068.0,7.0,0.0,0.0005610322994309414,76.299880905692,27.993034356179393,0.014360433714150328,132.2969388521441,active,10,8.774129996343774,8.67383550536591,10,0.29249406162815583,0,0.00037508255077747186,122.62415177711048
2026-06-27T20:33:07.580958,qwen15b-npu7,6034.0,2.0,0.0,0.0001602949426945388,76.05506277732356,27.987856461639943,0.015135984929272183,132.03063977645806,active,10,8.610850569898208,8.471167383996423,6,0.3326342590203698,0,0.0004265567159033352,124.73055090654297
2026-06-27T20:33:08.595307,qwen15b-npu3,3118.0,32.0,0.0,0.002725014025807493,92.89296909048436,28.58490287616393,0.01855857581842738,1356.7018932285669,active,10,6.491123843342387,6.491931965555003,0,1,0,0.008068034444996701,0
2026-06-27T20:33:08.609297,qwen15b-npu4,6139.0,4.0,0.0,0.0003205898853890776,70.66095479246576,25.84414263904307,0.014958428279826946,122.32623848641556,active,10,8.64567352315865,8.675060921421965,6,0.30182547447381824,0,0.00038704877707632535,122.55039602255152
2026-06-27T20:33:08.623233,qwen15b-npu5,6149.0,6.0,0.0,0.00048088482808372746,71.09989408827116,25.99157862026475,0.01474777822066953,123.0713490977413,active,10,8.67728446286699,8.736869909269876,8,0.293614530045923,0,0.00037651939414399995,127.1575623113158
2026-06-27T20:33:08.636563,qwen15b-npu6,6134.0,8.0,0.0,0.0006411797707782663,76.27304264183033,27.98171311836028,0.01436225665550646,132.24501095543212,active,10,8.689350406616331,8.435011637433998,9,0.3432461400583013,0,0.0004401649628061862,135.67616858276222
2026-06-27T20:33:08.650415,qwen15b-npu7,6102.0,3.0,0.0,0.00024044241404186373,76.03912434004361,27.975627211334942,0.015153757511708214,131.98465780266622,active,10,8.60904675800405,8.603635322321574,9,0.3037122683632404,0,0.000389468325223345,132.37500926324364
2026-06-27T20:33:09.665448,qwen15b-npu3,3118.0,32.0,0.0,0.002725014025807493,92.89296909048436,28.56533433206761,0.01855857581842738,1356.7018932285669,active,10,6.49179338818222,6.49380202270172,0,1,0,0.006197977298280478,0
2026-06-27T20:33:09.678873,qwen15b-npu4,6205.0,5.0,0.0,0.00040073735673640254,70.63962151022518,25.83862594405334,0.014978558840139726,122.29290215364006,active,10,8.726793384325795,8.970152967827236,6,0.21806155840798186,0,0.0002796333200711752,121.71189098032436
2026-06-27T20:33:09.692779,qwen15b-npu5,6213.0,5.0,0.0,0.00040073735673640254,71.06713455847337,25.98486334658067,0.01477167749977344,123.02145656996582,active,10,8.670725443666306,8.651048386064256,8,0.3002244445298499,0,0.0003849956810513408,123.59025139728959
2026-06-27T20:33:09.705592,qwen15b-npu6,6198.0,4.0,0.0,0.0003205898853890776,76.2480300409096,27.966094409189918,0.014366183836162956,132.19187161936307,active,10,8.623189353583822,8.424706194486298,6,0.35435999103789584,0,0.00045441691565332564,127.9817226519624
2026-06-27T20:33:09.719869,qwen15b-npu7,6168.0,8.0,0.0,0.0006411797707782663,75.99165278031514,27.960865541199354,0.01517935075661414,131.91074968389998,active,10,8.612636023704678,8.623403820806558,12,0.3067879744361063,0,0.00039341248625291515,124.93669667159287
2026-06-27T20:33:10.734301,qwen15b-npu3,3118.0,32.0,0.0,0.005289733108920447,92.89296909048436,28.550789312185117,0.01855857581842738,1356.7018932285669,active,10,6.492557353675979,6.494849250157255,0,1,0,0.005150749842744199,0
2026-06-27T20:33:10.749614,qwen15b-npu4,6270.0,3.0,0.0,0.00024044241404186373,70.65305451266883,25.847060332561284,0.015005632664956888,122.32672070627561,active,10,8.772689160007582,8.910376487052943,5,0.25111501296518823,0,0.00032201973290400473,124.53517966932043
2026-06-27T20:33:10.764477,qwen15b-npu5,6278.0,8.0,0.0,0.0006411797707782663,71.12280799917978,25.994365795784844,0.014789639021960376,123.08671481299157,active,10,8.572175726563415,8.276526575254739,9,0.3701458889444024,0,0.0004746601124557647,134.28701719484576
2026-06-27T20:33:10.777056,qwen15b-npu6,6263.0,4.0,0.0,0.0003205898853890776,76.22034135154884,27.962423037540685,0.01438408451332752,132.15596786322303,active,10,8.578996777779055,8.446419050364758,8,0.3397089941746323,0,0.00043562907003240255,137.90007182772158
2026-06-27T20:33:10.789572,qwen15b-npu7,6231.0,5.0,0.0,0.00040073735673640254,76.02003079473906,27.967157385942027,0.01519300177730172,131.9499330101062,active,10,8.674880761548701,8.861614975080771,10,0.2650371833834691,0,0.00033987296097904717,143.08914681341486
