experiment_id,scheduler,source_file,window,total_requests,total_errors,error_rate_pct,qps,p50_ms,p95_ms,p99_ms,target_backend,target_share_pct,expected_share_pct,absolute_share_error_pct,max_target_running,max_target_waiting,max_target_kv_cache_usage,max_target_remote_utilization,max_target_queue_depth,max_target_router_kv_cache_usage,backend_distribution,main_conclusion,notes
exp1,direct-npu3,exp1-balanced-baseline/exp1-real-direct-npu3.csv,all,7991,0,0.0,133.22,244.85,284.5,303.8,,,,,,,,,,,none=7991(100.0%),真实 NPU 均衡基线,direct 是单后端参考；router 行使用五个真实后端
exp1,swrr,exp1-balanced-baseline/exp1-real-swrr.csv,all,14842,0,0.0,247.41,128.48,148.08,156.44,,,,,,,,,,,qwen15b-npu3=2966(19.98%);qwen15b-npu4=2974(20.04%);qwen15b-npu5=2972(20.02%);qwen15b-npu6=2964(19.97%);qwen15b-npu7=2966(19.98%),真实 NPU 均衡基线,direct 是单后端参考；router 行使用五个真实后端
exp1,p2c_smooth_wrr,exp1-balanced-baseline/exp1-real-p2c.csv,all,14788,0,0.0,246.46,129.57,148.41,156.53,,,,,,,,,,,qwen15b-npu3=2954(19.98%);qwen15b-npu4=2964(20.04%);qwen15b-npu5=2960(20.02%);qwen15b-npu6=2955(19.98%);qwen15b-npu7=2955(19.98%),真实 NPU 均衡基线,direct 是单后端参考；router 行使用五个真实后端
exp1,balanced_p2c,exp1-balanced-baseline/exp1-real-balanced.csv,all,14732,0,0.0,245.48,129.74,149.72,158.0,,,,,,,,,,,qwen15b-npu3=2944(19.98%);qwen15b-npu4=2952(20.04%);qwen15b-npu5=2951(20.03%);qwen15b-npu6=2940(19.96%);qwen15b-npu7=2945(19.99%),真实 NPU 均衡基线,direct 是单后端参考；router 行使用五个真实后端
exp2,swrr,exp2-hotspot-load/exp2-real-hotspot-swrr.csv,all,14179,0,0.0,236.45,133.7,154.65,178.44,qwen15b-npu3,19.96,,,38.0,0.0,0.013385,0.0,0.0,0.0,qwen15b-npu3=2830(19.96%);qwen15b-npu4=2839(20.02%);qwen15b-npu5=2839(20.02%);qwen15b-npu6=2836(20.0%);qwen15b-npu7=2835(19.99%),qwen15b-npu3 真实热点压力,背景压力是直接打到 NPU3 的长 prompt 请求
exp2,p2c_smooth_wrr,exp2-hotspot-load/exp2-real-hotspot-p2c.csv,all,14447,0,0.0,240.81,132.3,148.74,158.73,qwen15b-npu3,0.0,,,32.0,0.0,0.012984,1.0,0.0,0.011556,qwen15b-npu4=3622(25.07%);qwen15b-npu5=3624(25.08%);qwen15b-npu6=3616(25.03%);qwen15b-npu7=3585(24.81%),qwen15b-npu3 真实热点压力,背景压力是直接打到 NPU3 的长 prompt 请求
exp2,balanced_p2c,exp2-hotspot-load/exp2-real-hotspot-balanced.csv,all,14429,0,0.0,240.42,132.5,149.97,157.72,qwen15b-npu3,3.94,,,35.0,0.0,0.013064,1.0,0.0,0.011653,qwen15b-npu3=568(3.94%);qwen15b-npu4=3467(24.03%);qwen15b-npu5=3479(24.11%);qwen15b-npu6=3451(23.92%);qwen15b-npu7=3464(24.01%),qwen15b-npu3 真实热点压力,背景压力是直接打到 NPU3 的长 prompt 请求
exp8,swrr,exp8-qwen7b-hotspot/exp8-qwen7b-hotspot-swrr.csv,all,8532,0,0.0,77.51,102.46,136.74,279.1,qwen7b-npu3,19.81,,,15.0,0.0,0.011802,0.0,0.0,0.0,qwen7b-npu3=1690(19.81%);qwen7b-npu4=1711(20.05%);qwen7b-npu5=1711(20.05%);qwen7b-npu6=1710(20.04%);qwen7b-npu7=1710(20.04%),Qwen2.5-7B 真实热点压力,背景压力是直接打到 Qwen2.5-7B NPU3 的长 prompt 请求
exp8,p2c_smooth_wrr,exp8-qwen7b-hotspot/exp8-qwen7b-hotspot-p2c.csv,all,11100,0,0.0,92.51,130.15,187.76,222.68,qwen7b-npu3,0.0,,,12.0,0.0,0.011433,1.0,0.0,0.010201,qwen7b-npu4=2790(25.14%);qwen7b-npu5=2783(25.07%);qwen7b-npu6=2778(25.03%);qwen7b-npu7=2749(24.77%),Qwen2.5-7B 真实热点压力,背景压力是直接打到 Qwen2.5-7B NPU3 的长 prompt 请求
exp8,balanced_p2c,exp8-qwen7b-hotspot/exp8-qwen7b-hotspot-balanced.csv,all,11415,0,0.0,95.13,125.94,182.55,214.18,qwen7b-npu3,3.64,,,15.0,0.0,0.011617,1.0,0.0,0.010245,qwen7b-npu3=415(3.64%);qwen7b-npu4=2759(24.17%);qwen7b-npu5=2755(24.13%);qwen7b-npu6=2752(24.11%);qwen7b-npu7=2734(23.95%),Qwen2.5-7B 真实热点压力,背景压力是直接打到 Qwen2.5-7B NPU3 的长 prompt 请求
exp3,p2c_smooth_wrr,exp3-dynamic-capacity/exp3-real-capacity-p2c.csv,pre_0_30,7374,0,0.0,245.8,129.68,150.01,158.49,qwen15b-npu3,19.96,,,,,,,,,qwen15b-npu3=1472(19.96%);qwen15b-npu4=1478(20.04%);qwen15b-npu5=1478(20.04%);qwen15b-npu6=1471(19.95%);qwen15b-npu7=1475(20.0%),capacity 10->1->10 平滑迁移,目标后端 qwen15b-npu3
exp3,p2c_smooth_wrr,exp3-dynamic-capacity/exp3-real-capacity-p2c.csv,transition_down_30_40,2485,0,0.0,248.5,128.02,147.9,155.19,qwen15b-npu3,6.08,2.44,3.64,,,,,,,qwen15b-npu3=151(6.08%);qwen15b-npu4=585(23.54%);qwen15b-npu5=585(23.54%);qwen15b-npu6=582(23.42%);qwen15b-npu7=582(23.42%),capacity 10->1->10 平滑迁移,目标后端 qwen15b-npu3
exp3,p2c_smooth_wrr,exp3-dynamic-capacity/exp3-real-capacity-p2c.csv,stable_down_40_80,9956,0,0.0,248.9,127.25,147.52,154.63,qwen15b-npu3,2.37,2.44,0.07,,,,,,,qwen15b-npu3=236(2.37%);qwen15b-npu4=2435(24.46%);qwen15b-npu5=2431(24.42%);qwen15b-npu6=2426(24.37%);qwen15b-npu7=2428(24.39%),capacity 10->1->10 平滑迁移,目标后端 qwen15b-npu3
exp3,p2c_smooth_wrr,exp3-dynamic-capacity/exp3-real-capacity-p2c.csv,transition_up_80_100,4973,0,0.0,248.65,127.97,145.46,154.23,qwen15b-npu3,10.22,,,,,,,,,qwen15b-npu3=508(10.22%);qwen15b-npu4=1119(22.5%);qwen15b-npu5=1117(22.46%);qwen15b-npu6=1114(22.4%);qwen15b-npu7=1115(22.42%),capacity 10->1->10 平滑迁移,目标后端 qwen15b-npu3
exp3,p2c_smooth_wrr,exp3-dynamic-capacity/exp3-real-capacity-p2c.csv,stable_up_100_120,4956,0,0.0,247.8,128.41,147.67,153.75,qwen15b-npu3,19.83,20.0,0.17,,,,,,,qwen15b-npu3=983(19.83%);qwen15b-npu4=995(20.08%);qwen15b-npu5=996(20.1%);qwen15b-npu6=988(19.94%);qwen15b-npu7=994(20.06%),capacity 10->1->10 平滑迁移,目标后端 qwen15b-npu3
exp3,p2c_smooth_wrr,exp3-dynamic-capacity/exp3-real-capacity-p2c.csv,all,29748,0,0.0,247.87,128.19,147.96,155.51,qwen15b-npu3,11.26,,,,,,,,,qwen15b-npu3=3351(11.26%);qwen15b-npu4=6612(22.23%);qwen15b-npu5=6607(22.21%);qwen15b-npu6=6584(22.13%);qwen15b-npu7=6594(22.17%),capacity 10->1->10 平滑迁移,目标后端 qwen15b-npu3
exp4,p2c_smooth_wrr,exp4-failure-recovery/exp4-real-failure-p2c.csv,pre_fail_0_30,7392,1,0.0135,246.4,129.52,148.34,157.12,qwen15b-npu5,20.06,20.0,0.06,,,,,,,qwen15b-npu3=1478(19.99%);qwen15b-npu4=1481(20.04%);qwen15b-npu5=1483(20.06%);qwen15b-npu6=1474(19.94%);qwen15b-npu7=1476(19.97%),NPU5 容器 stop/start 故障恢复,只停止 yijq27-vllm-qwen15b-5 容器
exp4,p2c_smooth_wrr,exp4-failure-recovery/exp4-real-failure-p2c.csv,fail_detect_30_35,1125,0,0.0,225.0,134.23,151.13,158.19,qwen15b-npu5,0.0,0.0,0.0,,,,,,,qwen15b-npu3=280(24.89%);qwen15b-npu4=283(25.16%);qwen15b-npu6=280(24.89%);qwen15b-npu7=282(25.07%),NPU5 容器 stop/start 故障恢复,只停止 yijq27-vllm-qwen15b-5 容器
exp4,p2c_smooth_wrr,exp4-failure-recovery/exp4-real-failure-p2c.csv,fail_stable_35_90,13213,2,0.0151,240.24,133.69,150.69,159.03,qwen15b-npu5,0.02,0.0,0.02,,,,,,,qwen15b-npu3=3296(24.95%);qwen15b-npu4=3314(25.08%);qwen15b-npu5=2(0.02%);qwen15b-npu6=3301(24.98%);qwen15b-npu7=3300(24.98%),NPU5 容器 stop/start 故障恢复,只停止 yijq27-vllm-qwen15b-5 容器
exp4,p2c_smooth_wrr,exp4-failure-recovery/exp4-real-failure-p2c.csv,recovery_wait_90_240,36219,0,0.0,241.46,133.53,151.07,158.83,qwen15b-npu5,0.65,0.0,0.65,,,,,,,qwen15b-npu3=8991(24.82%);qwen15b-npu4=9021(24.91%);qwen15b-npu5=235(0.65%);qwen15b-npu6=8982(24.8%);qwen15b-npu7=8990(24.82%),NPU5 容器 stop/start 故障恢复,只停止 yijq27-vllm-qwen15b-5 容器
exp4,p2c_smooth_wrr,exp4-failure-recovery/exp4-real-failure-p2c.csv,recovery_end_240_300,14840,0,0.0,247.33,128.61,148.42,157.43,qwen15b-npu5,19.8,20.0,0.2,,,,,,,qwen15b-npu3=2976(20.05%);qwen15b-npu4=2984(20.11%);qwen15b-npu5=2938(19.8%);qwen15b-npu6=2969(20.01%);qwen15b-npu7=2973(20.03%),NPU5 容器 stop/start 故障恢复,只停止 yijq27-vllm-qwen15b-5 容器
exp4,p2c_smooth_wrr,exp4-failure-recovery/exp4-real-failure-p2c.csv,all,72794,3,0.0041,242.64,132.17,150.4,158.54,qwen15b-npu5,6.4,,,,,,,,,qwen15b-npu3=17023(23.39%);qwen15b-npu4=17084(23.47%);qwen15b-npu5=4659(6.4%);qwen15b-npu6=17006(23.36%);qwen15b-npu7=17022(23.38%),NPU5 容器 stop/start 故障恢复,只停止 yijq27-vllm-qwen15b-5 容器
exp5,p2c_smooth_wrr,exp5-pool-isolation/exp5-real-default.csv,all,28218,0,0.0,235.14,134.02,162.67,192.95,,,,,,,,,,,default-npu3=14060(49.83%);default-npu4=14158(50.17%),isolated 池承压时 default 池保持隔离,default 池使用 NPU3/4
exp5,p2c_smooth_wrr,exp5-pool-isolation/exp5-real-isolated.csv,all,1592,0,0.0,13.41,7386.15,9365.28,11692.68,,,,,,,,,,,isolated-npu5=534(33.54%);isolated-npu6=529(33.23%);isolated-npu7=529(33.23%),isolated 池 noisy-neighbor 负载运行在真实 NPU5/6/7,isolated 池使用 NPU5/6/7
exp6,p2c_smooth_wrr,exp6-comprehensive/exp6-real-comprehensive.csv,all,50003,7,0.014,238.1,131.3,150.64,159.28,,,,,,,,,,,qwen15b-npu3=4825(9.65%);qwen15b-npu4=13414(26.83%);qwen15b-npu5=4999(10.0%);qwen15b-npu6=13373(26.74%);qwen15b-npu7=13392(26.78%),组合动态 capacity、热点、故障和恢复的综合场景,演示场景；报告中使用时应结合分窗口 CSV 解读
exp7,smooth_step=0.1,exp7-smoothstep/exp7-real-ss0.1.csv,pre_0_20,4877,0,0.0,243.85,130.37,151.22,163.79,qwen15b-npu3,20.01,20.0,0.01,,,,,,,qwen15b-npu3=976(20.01%);qwen15b-npu4=975(19.99%);qwen15b-npu5=976(20.01%);qwen15b-npu6=974(19.97%);qwen15b-npu7=976(20.01%),五个真实后端上的 smoothStep 敏感性,目标后端 qwen15b-npu3
exp7,smooth_step=0.1,exp7-smoothstep/exp7-real-ss0.1.csv,transition_down_20_30,2456,0,0.0,245.6,129.58,148.72,156.75,qwen15b-npu3,12.26,2.44,9.82,,,,,,,qwen15b-npu3=301(12.26%);qwen15b-npu4=541(22.03%);qwen15b-npu5=539(21.95%);qwen15b-npu6=538(21.91%);qwen15b-npu7=537(21.86%),五个真实后端上的 smoothStep 敏感性,目标后端 qwen15b-npu3
exp7,smooth_step=0.1,exp7-smoothstep/exp7-real-ss0.1.csv,stable_down_30_50,4941,0,0.0,247.05,128.13,149.4,156.65,qwen15b-npu3,4.7,2.44,2.26,,,,,,,qwen15b-npu3=232(4.7%);qwen15b-npu4=1178(23.84%);qwen15b-npu5=1180(23.88%);qwen15b-npu6=1174(23.76%);qwen15b-npu7=1177(23.82%),五个真实后端上的 smoothStep 敏感性,目标后端 qwen15b-npu3
exp7,smooth_step=0.1,exp7-smoothstep/exp7-real-ss0.1.csv,transition_up_50_65,3715,0,0.0,247.67,127.75,149.76,158.06,qwen15b-npu3,5.76,,,,,,,,,qwen15b-npu3=214(5.76%);qwen15b-npu4=877(23.61%);qwen15b-npu5=876(23.58%);qwen15b-npu6=873(23.5%);qwen15b-npu7=875(23.55%),五个真实后端上的 smoothStep 敏感性,目标后端 qwen15b-npu3
exp7,smooth_step=0.1,exp7-smoothstep/exp7-real-ss0.1.csv,stable_up_65_80,3690,0,0.0,246.0,129.0,151.24,159.01,qwen15b-npu3,16.02,20.0,3.98,,,,,,,qwen15b-npu3=591(16.02%);qwen15b-npu4=777(21.06%);qwen15b-npu5=777(21.06%);qwen15b-npu6=772(20.92%);qwen15b-npu7=773(20.95%),五个真实后端上的 smoothStep 敏感性,目标后端 qwen15b-npu3
exp7,smooth_step=0.1,exp7-smoothstep/exp7-real-ss0.1.csv,all,19681,0,0.0,245.96,128.98,150.15,158.36,qwen15b-npu3,11.76,,,,,,,,,qwen15b-npu3=2315(11.76%);qwen15b-npu4=4348(22.09%);qwen15b-npu5=4348(22.09%);qwen15b-npu6=4332(22.01%);qwen15b-npu7=4338(22.04%),五个真实后端上的 smoothStep 敏感性,目标后端 qwen15b-npu3
exp7,smooth_step=0.25,exp7-smoothstep/exp7-real-ss0.25.csv,pre_0_20,4946,0,0.0,247.3,128.84,149.54,157.66,qwen15b-npu3,19.96,20.0,0.04,,,,,,,qwen15b-npu3=987(19.96%);qwen15b-npu4=991(20.04%);qwen15b-npu5=993(20.08%);qwen15b-npu6=987(19.96%);qwen15b-npu7=988(19.98%),五个真实后端上的 smoothStep 敏感性,目标后端 qwen15b-npu3
exp7,smooth_step=0.25,exp7-smoothstep/exp7-real-ss0.25.csv,transition_down_20_30,2462,0,0.0,246.2,128.68,149.89,158.24,qwen15b-npu3,6.05,2.44,3.61,,,,,,,qwen15b-npu3=149(6.05%);qwen15b-npu4=581(23.6%);qwen15b-npu5=578(23.48%);qwen15b-npu6=577(23.44%);qwen15b-npu7=577(23.44%),五个真实后端上的 smoothStep 敏感性,目标后端 qwen15b-npu3
exp7,smooth_step=0.25,exp7-smoothstep/exp7-real-ss0.25.csv,stable_down_30_50,4939,0,0.0,246.95,127.86,151.43,159.57,qwen15b-npu3,2.31,2.44,0.13,,,,,,,qwen15b-npu3=114(2.31%);qwen15b-npu4=1208(24.46%);qwen15b-npu5=1209(24.48%);qwen15b-npu6=1201(24.32%);qwen15b-npu7=1207(24.44%),五个真实后端上的 smoothStep 敏感性,目标后端 qwen15b-npu3
exp7,smooth_step=0.25,exp7-smoothstep/exp7-real-ss0.25.csv,transition_up_50_65,3722,0,0.0,248.13,127.78,148.82,154.59,qwen15b-npu3,7.66,,,,,,,,,qwen15b-npu3=285(7.66%);qwen15b-npu4=861(23.13%);qwen15b-npu5=861(23.13%);qwen15b-npu6=858(23.05%);qwen15b-npu7=857(23.03%),五个真实后端上的 smoothStep 敏感性,目标后端 qwen15b-npu3
exp7,smooth_step=0.25,exp7-smoothstep/exp7-real-ss0.25.csv,stable_up_65_80,3701,0,0.0,246.73,129.07,149.15,156.81,qwen15b-npu3,19.18,20.0,0.82,,,,,,,qwen15b-npu3=710(19.18%);qwen15b-npu4=747(20.18%);qwen15b-npu5=749(20.24%);qwen15b-npu6=746(20.16%);qwen15b-npu7=749(20.24%),五个真实后端上的 smoothStep 敏感性,目标后端 qwen15b-npu3
exp7,smooth_step=0.25,exp7-smoothstep/exp7-real-ss0.25.csv,all,19771,0,0.0,247.13,128.41,149.87,157.78,qwen15b-npu3,11.36,,,,,,,,,qwen15b-npu3=2245(11.36%);qwen15b-npu4=4388(22.19%);qwen15b-npu5=4390(22.2%);qwen15b-npu6=4370(22.1%);qwen15b-npu7=4378(22.14%),五个真实后端上的 smoothStep 敏感性,目标后端 qwen15b-npu3
exp7,smooth_step=0.5,exp7-smoothstep/exp7-real-ss0.5.csv,pre_0_20,4932,0,0.0,246.6,129.63,148.87,157.12,qwen15b-npu3,19.97,20.0,0.03,,,,,,,qwen15b-npu3=985(19.97%);qwen15b-npu4=991(20.09%);qwen15b-npu5=988(20.03%);qwen15b-npu6=983(19.93%);qwen15b-npu7=985(19.97%),五个真实后端上的 smoothStep 敏感性,目标后端 qwen15b-npu3
exp7,smooth_step=0.5,exp7-smoothstep/exp7-real-ss0.5.csv,transition_down_20_30,2472,0,0.0,247.2,128.0,151.07,157.73,qwen15b-npu3,2.39,2.44,0.05,,,,,,,qwen15b-npu3=59(2.39%);qwen15b-npu4=604(24.43%);qwen15b-npu5=604(24.43%);qwen15b-npu6=602(24.35%);qwen15b-npu7=603(24.39%),五个真实后端上的 smoothStep 敏感性,目标后端 qwen15b-npu3
exp7,smooth_step=0.5,exp7-smoothstep/exp7-real-ss0.5.csv,stable_down_30_50,4934,0,0.0,246.7,127.86,151.9,159.56,qwen15b-npu3,2.31,2.44,0.13,,,,,,,qwen15b-npu3=114(2.31%);qwen15b-npu4=1207(24.46%);qwen15b-npu5=1210(24.52%);qwen15b-npu6=1200(24.32%);qwen15b-npu7=1203(24.38%),五个真实后端上的 smoothStep 敏感性,目标后端 qwen15b-npu3
exp7,smooth_step=0.5,exp7-smoothstep/exp7-real-ss0.5.csv,transition_up_50_65,3715,0,0.0,247.67,127.61,150.08,156.88,qwen15b-npu3,9.13,,,,,,,,,qwen15b-npu3=339(9.13%);qwen15b-npu4=843(22.69%);qwen15b-npu5=848(22.83%);qwen15b-npu6=842(22.66%);qwen15b-npu7=843(22.69%),五个真实后端上的 smoothStep 敏感性,目标后端 qwen15b-npu3
exp7,smooth_step=0.5,exp7-smoothstep/exp7-real-ss0.5.csv,stable_up_65_80,3674,0,0.0,244.93,130.11,150.37,158.59,qwen15b-npu3,19.84,20.0,0.16,,,,,,,qwen15b-npu3=729(19.84%);qwen15b-npu4=738(20.09%);qwen15b-npu5=735(20.01%);qwen15b-npu6=737(20.06%);qwen15b-npu7=735(20.01%),五个真实后端上的 smoothStep 敏感性,目标后端 qwen15b-npu3
exp7,smooth_step=0.5,exp7-smoothstep/exp7-real-ss0.5.csv,all,19730,0,0.0,246.54,128.75,150.42,158.26,qwen15b-npu3,11.29,,,,,,,,,qwen15b-npu3=2227(11.29%);qwen15b-npu4=4383(22.21%);qwen15b-npu5=4385(22.23%);qwen15b-npu6=4365(22.12%);qwen15b-npu7=4370(22.15%),五个真实后端上的 smoothStep 敏感性,目标后端 qwen15b-npu3
exp7,smooth_step=1.0,exp7-smoothstep/exp7-real-ss1.0.csv,pre_0_20,4927,0,0.0,246.35,129.66,149.96,159.39,qwen15b-npu3,19.89,20.0,0.11,,,,,,,qwen15b-npu3=980(19.89%);qwen15b-npu4=989(20.07%);qwen15b-npu5=989(20.07%);qwen15b-npu6=985(19.99%);qwen15b-npu7=984(19.97%),五个真实后端上的 smoothStep 敏感性,目标后端 qwen15b-npu3
exp7,smooth_step=1.0,exp7-smoothstep/exp7-real-ss1.0.csv,transition_down_20_30,2490,0,0.0,249.0,127.38,146.17,151.9,qwen15b-npu3,2.45,2.44,0.01,,,,,,,qwen15b-npu3=61(2.45%);qwen15b-npu4=608(24.42%);qwen15b-npu5=609(24.46%);qwen15b-npu6=603(24.22%);qwen15b-npu7=609(24.46%),五个真实后端上的 smoothStep 敏感性,目标后端 qwen15b-npu3
exp7,smooth_step=1.0,exp7-smoothstep/exp7-real-ss1.0.csv,stable_down_30_50,4935,0,0.0,246.75,128.42,149.84,158.72,qwen15b-npu3,2.49,2.44,0.05,,,,,,,qwen15b-npu3=123(2.49%);qwen15b-npu4=1203(24.38%);qwen15b-npu5=1205(24.42%);qwen15b-npu6=1202(24.36%);qwen15b-npu7=1202(24.36%),五个真实后端上的 smoothStep 敏感性,目标后端 qwen15b-npu3
exp7,smooth_step=1.0,exp7-smoothstep/exp7-real-ss1.0.csv,transition_up_50_65,3709,0,0.0,247.27,128.83,147.73,154.34,qwen15b-npu3,10.22,,,,,,,,,qwen15b-npu3=379(10.22%);qwen15b-npu4=836(22.54%);qwen15b-npu5=835(22.51%);qwen15b-npu6=829(22.35%);qwen15b-npu7=830(22.38%),五个真实后端上的 smoothStep 敏感性,目标后端 qwen15b-npu3
exp7,smooth_step=1.0,exp7-smoothstep/exp7-real-ss1.0.csv,stable_up_65_80,3723,0,0.0,248.2,128.12,147.75,157.16,qwen15b-npu3,19.93,20.0,0.07,,,,,,,qwen15b-npu3=742(19.93%);qwen15b-npu4=745(20.01%);qwen15b-npu5=744(19.98%);qwen15b-npu6=746(20.04%);qwen15b-npu7=746(20.04%),五个真实后端上的 smoothStep 敏感性,目标后端 qwen15b-npu3
exp7,smooth_step=1.0,exp7-smoothstep/exp7-real-ss1.0.csv,all,19789,0,0.0,247.29,128.62,148.7,157.17,qwen15b-npu3,11.56,,,,,,,,,qwen15b-npu3=2287(11.56%);qwen15b-npu4=4381(22.14%);qwen15b-npu5=4382(22.14%);qwen15b-npu6=4367(22.07%);qwen15b-npu7=4372(22.09%),五个真实后端上的 smoothStep 敏感性,目标后端 qwen15b-npu3
