second,qps,success_rate,p50_ms,p95_ms,p99_ms,backends
0,253,1.0,129.57096099853516,148.98318098858,187.12548771873116,qwen15b-npu3=50;qwen15b-npu4=52;qwen15b-npu5=51;qwen15b-npu6=51;qwen15b-npu7=49
1,250,1.0,127.17595510184765,143.09364184737206,148.45809806138277,qwen15b-npu3=51;qwen15b-npu4=50;qwen15b-npu5=49;qwen15b-npu6=49;qwen15b-npu7=51
2,249,1.0,128.84932616725564,144.60208220407367,153.0090789310634,qwen15b-npu3=48;qwen15b-npu4=50;qwen15b-npu5=51;qwen15b-npu6=50;qwen15b-npu7=50
3,248,1.0,130.50025794655085,146.05798199772835,155.299233738333,qwen15b-npu3=50;qwen15b-npu4=48;qwen15b-npu5=50;qwen15b-npu6=50;qwen15b-npu7=50
4,247,1.0,127.05491483211517,146.25721331685781,156.3300909474492,qwen15b-npu3=49;qwen15b-npu4=50;qwen15b-npu5=49;qwen15b-npu6=49;qwen15b-npu7=50
5,242,1.0,132.02786725014448,148.11799488961697,152.97647891566157,qwen15b-npu3=51;qwen15b-npu4=50;qwen15b-npu5=46;qwen15b-npu6=48;qwen15b-npu7=47
6,250,1.0,129.6162810176611,144.8081941343844,149.99905787408352,qwen15b-npu3=47;qwen15b-npu4=48;qwen15b-npu5=52;qwen15b-npu6=52;qwen15b-npu7=51
7,246,1.0,129.7132121399045,146.01858193054795,153.58240297064185,qwen15b-npu3=50;qwen15b-npu4=50;qwen15b-npu5=50;qwen15b-npu6=46;qwen15b-npu7=50
8,245,1.0,129.09260811284184,146.94499783217907,152.8280978091061,qwen15b-npu3=49;qwen15b-npu4=50;qwen15b-npu5=48;qwen15b-npu6=49;qwen15b-npu7=49
9,251,1.0,126.66972167789936,148.63491896539927,152.40062400698662,qwen15b-npu3=50;qwen15b-npu4=49;qwen15b-npu5=51;qwen15b-npu6=52;qwen15b-npu7=49
10,243,1.0,129.14049811661243,149.46098485961556,158.5176857188344,qwen15b-npu3=48;qwen15b-npu4=50;qwen15b-npu5=47;qwen15b-npu6=49;qwen15b-npu7=49
11,244,1.0,130.29744615778327,151.2770471163094,160.15808703377843,qwen15b-npu3=50;qwen15b-npu4=48;qwen15b-npu5=52;qwen15b-npu6=47;qwen15b-npu7=47
12,245,1.0,130.8410898782313,150.88594425469637,156.3485306687653,qwen15b-npu3=49;qwen15b-npu4=50;qwen15b-npu5=45;qwen15b-npu6=51;qwen15b-npu7=50
13,237,1.0,130.81661006435752,154.5294290408492,171.23686103150249,qwen15b-npu3=47;qwen15b-npu4=45;qwen15b-npu5=50;qwen15b-npu6=47;qwen15b-npu7=48
14,249,1.0,129.93889395147562,146.23646344989538,153.32836098968983,qwen15b-npu3=50;qwen15b-npu4=51;qwen15b-npu5=50;qwen15b-npu6=49;qwen15b-npu7=49
15,246,1.0,130.31419599428773,146.5970859862864,151.30494674667716,qwen15b-npu3=48;qwen15b-npu4=51;qwen15b-npu5=48;qwen15b-npu6=49;qwen15b-npu7=50
16,247,1.0,130.47520676627755,150.95088491216302,160.1424259133637,qwen15b-npu3=51;qwen15b-npu4=45;qwen15b-npu5=52;qwen15b-npu6=49;qwen15b-npu7=50
17,247,1.0,127.98552960157394,148.54685869067907,159.24131032079458,qwen15b-npu3=48;qwen15b-npu4=52;qwen15b-npu5=48;qwen15b-npu6=50;qwen15b-npu7=49
18,246,1.0,127.76379939168692,147.43933081626892,160.3046883828938,qwen15b-npu3=50;qwen15b-npu4=52;qwen15b-npu5=48;qwen15b-npu6=47;qwen15b-npu7=49
19,247,1.0,129.22895792871714,147.58383203297853,154.57857912406325,qwen15b-npu3=50;qwen15b-npu4=47;qwen15b-npu5=51;qwen15b-npu6=50;qwen15b-npu7=49
20,246,1.0,128.15687200054526,146.7842971906066,156.75371419638395,qwen15b-npu3=49;qwen15b-npu4=51;qwen15b-npu5=48;qwen15b-npu6=49;qwen15b-npu7=49
21,247,1.0,129.86451340839267,146.7824256978929,157.39922784268856,qwen15b-npu3=49;qwen15b-npu4=48;qwen15b-npu5=52;qwen15b-npu6=49;qwen15b-npu7=49
22,248,1.0,127.14696489274502,143.6478761024773,148.27652694657445,qwen15b-npu3=48;qwen15b-npu4=51;qwen15b-npu5=50;qwen15b-npu6=50;qwen15b-npu7=49
23,243,1.0,131.9578569382429,155.05226189270616,158.6782867088914,qwen15b-npu3=50;qwen15b-npu4=48;qwen15b-npu5=47;qwen15b-npu6=48;qwen15b-npu7=50
24,239,1.0,132.06066796556115,157.70969027653337,166.98504285886884,qwen15b-npu3=48;qwen15b-npu4=49;qwen15b-npu5=45;qwen15b-npu6=48;qwen15b-npu7=49
25,245,1.0,129.8436028882861,146.742335986346,154.77987099438906,qwen15b-npu3=50;qwen15b-npu4=47;qwen15b-npu5=52;qwen15b-npu6=48;qwen15b-npu7=48
26,251,1.0,126.87857309356332,142.56062917411327,151.74639085307717,qwen15b-npu3=46;qwen15b-npu4=52;qwen15b-npu5=50;qwen15b-npu6=51;qwen15b-npu7=52
27,246,1.0,129.1359681636095,143.6221362091601,156.22723009437323,qwen15b-npu3=52;qwen15b-npu4=49;qwen15b-npu5=50;qwen15b-npu6=50;qwen15b-npu7=45
28,244,1.0,130.65718812868,151.78899094462395,159.37005076557398,qwen15b-npu3=49;qwen15b-npu4=48;qwen15b-npu5=47;qwen15b-npu6=49;qwen15b-npu7=51
29,251,0.9960159362549801,128.23163159191608,149.50375631451607,157.9326819628477,qwen15b-npu3=51;qwen15b-npu4=50;qwen15b-npu5=54;qwen15b-npu6=48;qwen15b-npu7=48
30,220,1.0,135.3928497992456,153.2660098746419,163.62430015578866,qwen15b-npu3=53;qwen15b-npu4=57;qwen15b-npu6=54;qwen15b-npu7=56
31,232,1.0,132.2633889503777,150.32729087397456,154.93096224963665,qwen15b-npu3=58;qwen15b-npu4=57;qwen15b-npu6=57;qwen15b-npu7=60
32,228,1.0,131.7994766868651,148.66859978064895,158.0553431995213,qwen15b-npu3=57;qwen15b-npu4=57;qwen15b-npu6=59;qwen15b-npu7=55
33,224,1.0,136.0124247148633,152.39565493538976,158.1879728473723,qwen15b-npu3=56;qwen15b-npu4=56;qwen15b-npu6=56;qwen15b-npu7=56
34,221,1.0,133.30566743388772,150.6865629926324,157.7430898323655,qwen15b-npu3=56;qwen15b-npu4=56;qwen15b-npu6=54;qwen15b-npu7=55
35,226,1.0,137.63784524053335,150.40429215878248,154.94227223098278,qwen15b-npu3=56;qwen15b-npu4=56;qwen15b-npu6=58;qwen15b-npu7=56
36,224,1.0,135.35244017839432,147.85514399409294,151.69244026765227,qwen15b-npu3=56;qwen15b-npu4=56;qwen15b-npu6=56;qwen15b-npu7=56
37,223,1.0,136.77154015749693,152.1077728830278,158.36121467873454,qwen15b-npu3=55;qwen15b-npu4=57;qwen15b-npu6=56;qwen15b-npu7=55
38,221,1.0,138.75617319718003,158.71753683313727,165.97900493070483,qwen15b-npu3=55;qwen15b-npu4=55;qwen15b-npu6=54;qwen15b-npu7=57
39,230,1.0,135.82176296040416,148.80700036883354,156.51671309024096,qwen15b-npu3=59;qwen15b-npu4=56;qwen15b-npu6=58;qwen15b-npu7=57
40,235,0.9914893617021276,137.53493502736092,157.37265814095736,164.05168268829584,qwen15b-npu3=57;qwen15b-npu4=60;qwen15b-npu5=2;qwen15b-npu6=57;qwen15b-npu7=59
41,242,1.0,135.2270790375769,148.51815905421972,151.14828711375594,qwen15b-npu3=61;qwen15b-npu4=60;qwen15b-npu6=63;qwen15b-npu7=58
42,245,1.0,131.15374092012644,146.19621308520436,151.48621797561646,qwen15b-npu3=60;qwen15b-npu4=63;qwen15b-npu6=62;qwen15b-npu7=60
43,238,1.0,135.7526029460132,150.44218115508556,152.48937532305717,qwen15b-npu3=61;qwen15b-npu4=58;qwen15b-npu6=57;qwen15b-npu7=62
44,244,1.0,133.44486709684134,147.73335307836533,154.7559699974954,qwen15b-npu3=61;qwen15b-npu4=63;qwen15b-npu6=61;qwen15b-npu7=59
45,234,1.0,135.67782193422318,150.51223197951913,159.41053163260221,qwen15b-npu3=57;qwen15b-npu4=58;qwen15b-npu6=59;qwen15b-npu7=60
46,239,1.0,136.71110896393657,153.52965192869306,162.8115950152278,qwen15b-npu3=62;qwen15b-npu4=59;qwen15b-npu6=60;qwen15b-npu7=58
47,251,1.0,133.41889716684818,146.88998693600297,151.2218271382153,qwen15b-npu3=61;qwen15b-npu4=63;qwen15b-npu6=62;qwen15b-npu7=65
48,237,1.0,131.1665908433497,148.1152162887156,153.02665904164314,qwen15b-npu3=60;qwen15b-npu4=60;qwen15b-npu6=61;qwen15b-npu7=56
49,245,1.0,132.16867903247476,148.3832667581737,158.58134580776095,qwen15b-npu3=63;qwen15b-npu4=60;qwen15b-npu6=60;qwen15b-npu7=62
50,248,1.0,131.14909222349524,149.00075225159526,152.8110378421843,qwen15b-npu3=61;qwen15b-npu4=64;qwen15b-npu6=61;qwen15b-npu7=62
51,242,1.0,130.3401361219585,147.0635486766696,154.63794860988855,qwen15b-npu3=60;qwen15b-npu4=59;qwen15b-npu6=62;qwen15b-npu7=61
52,249,1.0,130.2713956683874,149.97439784929156,155.30754392966628,qwen15b-npu3=62;qwen15b-npu4=63;qwen15b-npu6=62;qwen15b-npu7=62
53,246,1.0,133.80481023341417,148.37283780798316,153.41286174952984,qwen15b-npu3=61;qwen15b-npu4=62;qwen15b-npu6=62;qwen15b-npu7=61
54,238,1.0,133.1218951381743,151.88160119578242,161.57376719638705,qwen15b-npu3=60;qwen15b-npu4=59;qwen15b-npu6=58;qwen15b-npu7=61
55,242,1.0,133.12304485589266,153.70797319337726,166.50002915412188,qwen15b-npu3=58;qwen15b-npu4=64;qwen15b-npu6=61;qwen15b-npu7=59
56,238,1.0,136.03533385321498,151.22106717899442,156.55245212838054,qwen15b-npu3=60;qwen15b-npu4=57;qwen15b-npu6=60;qwen15b-npu7=61
57,239,1.0,132.8841638751328,152.7796071022749,160.02634586766362,qwen15b-npu3=59;qwen15b-npu4=61;qwen15b-npu6=61;qwen15b-npu7=58
58,247,1.0,133.0371550284326,147.5015222094953,152.13226294144988,qwen15b-npu3=63;qwen15b-npu4=60;qwen15b-npu6=61;qwen15b-npu7=63
59,245,1.0,134.50292544439435,148.70521007105708,162.7566651441157,qwen15b-npu3=61;qwen15b-npu4=63;qwen15b-npu6=60;qwen15b-npu7=61
60,238,1.0,131.1056911945343,151.62100875750184,157.24074700847268,qwen15b-npu3=59;qwen15b-npu4=60;qwen15b-npu6=60;qwen15b-npu7=59
61,246,1.0,133.23370600119233,147.04938884824514,151.30658727139235,qwen15b-npu3=61;qwen15b-npu4=62;qwen15b-npu6=61;qwen15b-npu7=62
62,237,1.0,135.7067828066647,155.0904423929751,164.96935999020934,qwen15b-npu3=61;qwen15b-npu4=59;qwen15b-npu6=60;qwen15b-npu7=57
63,238,1.0,135.86437283083797,155.45043488964438,159.96592538431287,qwen15b-npu3=60;qwen15b-npu4=60;qwen15b-npu6=58;qwen15b-npu7=60
64,239,1.0,133.82033025845885,153.5018221475184,161.22907400131226,qwen15b-npu3=59;qwen15b-npu4=59;qwen15b-npu6=60;qwen15b-npu7=61
65,244,1.0,132.7992221340537,146.1693118326366,153.67836318910122,qwen15b-npu3=59;qwen15b-npu4=62;qwen15b-npu6=61;qwen15b-npu7=62
66,241,1.0,134.961417876184,146.71229710802436,156.35662199929357,qwen15b-npu3=62;qwen15b-npu4=60;qwen15b-npu6=60;qwen15b-npu7=59
67,242,1.0,135.4140411131084,146.7210571281612,151.66458999738097,qwen15b-npu3=60;qwen15b-npu4=61;qwen15b-npu6=61;qwen15b-npu7=60
68,240,1.0,134.87591594457626,150.7756640203297,155.13450279831886,qwen15b-npu3=59;qwen15b-npu4=60;qwen15b-npu6=60;qwen15b-npu7=61
69,246,1.0,132.09767825901508,153.92722515389323,162.22375025972724,qwen15b-npu3=62;qwen15b-npu4=63;qwen15b-npu6=60;qwen15b-npu7=61
70,237,1.0,133.12169490382075,151.48652903735638,172.02343605458736,qwen15b-npu3=58;qwen15b-npu4=59;qwen15b-npu6=63;qwen15b-npu7=57
71,245,1.0,131.76892511546612,149.6686558239162,153.98541511967778,qwen15b-npu3=61;qwen15b-npu4=61;qwen15b-npu6=60;qwen15b-npu7=63
72,239,1.0,133.13583470880985,150.05983924493194,154.50244909152389,qwen15b-npu3=61;qwen15b-npu4=60;qwen15b-npu6=57;qwen15b-npu7=61
73,244,1.0,132.96285411342978,150.18748911097646,159.45493197068572,qwen15b-npu3=60;qwen15b-npu4=63;qwen15b-npu6=64;qwen15b-npu7=57
74,247,1.0,130.24812564253807,145.76369989663363,147.9584351181984,qwen15b-npu3=62;qwen15b-npu4=60;qwen15b-npu6=60;qwen15b-npu7=65
75,243,1.0,133.91572097316384,144.53247236087918,149.30125372484326,qwen15b-npu3=60;qwen15b-npu4=62;qwen15b-npu6=60;qwen15b-npu7=61
76,246,1.0,132.9746339470148,150.26830974966288,160.28019692748785,qwen15b-npu3=61;qwen15b-npu4=62;qwen15b-npu6=62;qwen15b-npu7=61
77,234,1.0,133.60059913247824,157.15758735314012,211.260000243783,qwen15b-npu3=59;qwen15b-npu4=58;qwen15b-npu6=58;qwen15b-npu7=59
78,248,1.0,131.1462721787393,155.59219615533948,163.3747681044042,qwen15b-npu3=62;qwen15b-npu4=63;qwen15b-npu6=62;qwen15b-npu7=61
79,244,1.0,132.78123317286372,151.55703900381923,156.42470167949796,qwen15b-npu3=60;qwen15b-npu4=62;qwen15b-npu6=61;qwen15b-npu7=61
80,232,1.0,136.5781482309103,167.04563284292817,180.01224985346198,qwen15b-npu3=59;qwen15b-npu4=56;qwen15b-npu6=58;qwen15b-npu7=59
81,241,1.0,133.80576018244028,151.58671885728836,159.6119529567659,qwen15b-npu3=59;qwen15b-npu4=62;qwen15b-npu6=61;qwen15b-npu7=59
82,246,1.0,132.92413437739015,146.57109510153532,153.1328703276813,qwen15b-npu3=61;qwen15b-npu4=62;qwen15b-npu6=59;qwen15b-npu7=64
83,241,1.0,134.79431625455618,150.20356979221106,154.63543916121125,qwen15b-npu3=61;qwen15b-npu4=59;qwen15b-npu6=62;qwen15b-npu7=59
84,241,1.0,133.66872910410166,149.4723348878324,154.06754612922668,qwen15b-npu3=61;qwen15b-npu4=60;qwen15b-npu6=60;qwen15b-npu7=60
85,240,1.0,132.50344106927514,152.5522149167955,156.94872476160526,qwen15b-npu3=60;qwen15b-npu4=63;qwen15b-npu6=58;qwen15b-npu7=59
86,238,1.0,134.6921445801854,153.04986899718642,160.30109766870737,qwen15b-npu3=59;qwen15b-npu4=58;qwen15b-npu6=60;qwen15b-npu7=61
87,244,1.0,132.99880409613252,153.27685000374913,155.5259353481233,qwen15b-npu3=61;qwen15b-npu4=60;qwen15b-npu6=61;qwen15b-npu7=62
88,236,1.0,134.312623180449,151.57603891566396,155.10559314861894,qwen15b-npu3=60;qwen15b-npu4=62;qwen15b-npu6=56;qwen15b-npu7=58
89,248,1.0,133.0515737645328,146.29349391907454,150.07127914577723,qwen15b-npu3=60;qwen15b-npu4=60;qwen15b-npu6=66;qwen15b-npu7=62
90,236,1.0,132.96744413673878,152.33855415135622,158.45120511949062,qwen15b-npu3=60;qwen15b-npu4=58;qwen15b-npu6=59;qwen15b-npu7=59
91,245,1.0,134.42715303972363,146.37023443356156,150.5920821800828,qwen15b-npu3=60;qwen15b-npu4=63;qwen15b-npu6=61;qwen15b-npu7=61
92,238,1.0,134.73080564290285,153.82599411532283,158.5533358156681,qwen15b-npu3=60;qwen15b-npu4=60;qwen15b-npu6=57;qwen15b-npu7=61
93,246,1.0,133.42430721968412,152.4410550482571,158.00292184576392,qwen15b-npu3=62;qwen15b-npu4=62;qwen15b-npu6=62;qwen15b-npu7=60
94,243,1.0,130.87172992527485,144.4993708282709,148.11224630102515,qwen15b-npu3=60;qwen15b-npu4=60;qwen15b-npu6=62;qwen15b-npu7=61
95,237,1.0,134.9494270980358,149.7118161059916,156.55572200194,qwen15b-npu3=58;qwen15b-npu4=59;qwen15b-npu6=60;qwen15b-npu7=60
96,244,1.0,131.1938720755279,145.06901614367962,155.47456499189138,qwen15b-npu3=63;qwen15b-npu4=62;qwen15b-npu6=60;qwen15b-npu7=59
97,249,1.0,132.85890268161893,149.83181655406952,153.71754299849272,qwen15b-npu3=63;qwen15b-npu4=61;qwen15b-npu6=63;qwen15b-npu7=62
98,242,1.0,133.47256695851684,153.39552098885179,162.55812300369143,qwen15b-npu3=59;qwen15b-npu4=63;qwen15b-npu6=57;qwen15b-npu7=63
99,241,1.0,130.73686882853508,148.9625619724393,151.70500008389354,qwen15b-npu3=61;qwen15b-npu4=59;qwen15b-npu6=61;qwen15b-npu7=60
100,248,1.0,128.71587509289384,145.26509726420045,150.91682504862547,qwen15b-npu3=63;qwen15b-npu4=62;qwen15b-npu6=63;qwen15b-npu7=60
101,235,1.0,137.9356370307505,158.9465788565576,166.60434007644653,qwen15b-npu3=58;qwen15b-npu4=59;qwen15b-npu6=58;qwen15b-npu7=60
102,246,1.0,134.0910610742867,151.58363012596965,156.6552841104567,qwen15b-npu3=61;qwen15b-npu4=62;qwen15b-npu6=62;qwen15b-npu7=61
103,238,1.0,133.25794599950314,150.74362326413393,154.78950086981058,qwen15b-npu3=59;qwen15b-npu4=59;qwen15b-npu6=60;qwen15b-npu7=60
104,243,1.0,131.8161659874022,148.39458791539073,152.61810598894954,qwen15b-npu3=63;qwen15b-npu4=61;qwen15b-npu6=60;qwen15b-npu7=59
105,238,1.0,134.52850515022874,149.95237812399864,160.58814991265535,qwen15b-npu3=58;qwen15b-npu4=62;qwen15b-npu6=58;qwen15b-npu7=60
106,243,1.0,134.79594700038433,153.34183117374778,158.54934602975845,qwen15b-npu3=59;qwen15b-npu4=60;qwen15b-npu6=62;qwen15b-npu7=62
107,237,1.0,136.06538530439138,150.08472884073853,153.84142380207777,qwen15b-npu3=62;qwen15b-npu4=59;qwen15b-npu6=57;qwen15b-npu7=59
108,235,1.0,135.7960826717317,156.19467990472913,169.89480191841722,qwen15b-npu3=58;qwen15b-npu4=58;qwen15b-npu6=61;qwen15b-npu7=58
109,246,1.0,132.20745883882046,147.01821794733405,152.52902498468757,qwen15b-npu3=61;qwen15b-npu4=62;qwen15b-npu6=60;qwen15b-npu7=63
110,240,1.0,135.67221211269498,151.4193480834365,156.13032039254904,qwen15b-npu3=60;qwen15b-npu4=61;qwen15b-npu6=61;qwen15b-npu7=58
111,235,1.0,137.71675620228052,152.60476572439075,156.66615311056376,qwen15b-npu3=59;qwen15b-npu4=59;qwen15b-npu6=58;qwen15b-npu7=59
112,243,1.0,134.9849277175963,155.40529415011406,170.71419768035412,qwen15b-npu3=59;qwen15b-npu4=59;qwen15b-npu6=63;qwen15b-npu7=62
113,240,1.0,135.6298620812595,147.91036397218704,153.25781097635627,qwen15b-npu3=62;qwen15b-npu4=64;qwen15b-npu6=58;qwen15b-npu7=56
114,243,1.0,135.16346784308553,150.61321295797825,155.54604586213827,qwen15b-npu3=61;qwen15b-npu4=58;qwen15b-npu6=60;qwen15b-npu7=64
115,239,1.0,133.76805977895856,150.89122531935573,153.11937918886542,qwen15b-npu3=59;qwen15b-npu4=60;qwen15b-npu6=60;qwen15b-npu7=60
116,245,1.0,131.10298058018088,147.14394882321358,152.79394714161754,qwen15b-npu3=63;qwen15b-npu4=62;qwen15b-npu6=60;qwen15b-npu7=60
117,238,1.0,136.12083531916142,154.93654180318117,165.75071355327964,qwen15b-npu3=58;qwen15b-npu4=60;qwen15b-npu6=60;qwen15b-npu7=60
118,237,1.0,135.39355993270874,148.3065872453153,152.62695588171482,qwen15b-npu3=60;qwen15b-npu4=59;qwen15b-npu6=60;qwen15b-npu7=58
119,241,1.0,134.01529099792242,155.42942518368363,159.21947034075856,qwen15b-npu3=59;qwen15b-npu4=62;qwen15b-npu6=59;qwen15b-npu7=61
120,233,1.0,137.5807849690318,152.78083691373467,163.66086015477777,qwen15b-npu3=59;qwen15b-npu4=58;qwen15b-npu6=58;qwen15b-npu7=58
121,249,1.0,135.58103190734982,148.21734698489308,152.50112488865852,qwen15b-npu3=61;qwen15b-npu4=62;qwen15b-npu6=63;qwen15b-npu7=63
122,239,1.0,133.8554797694087,148.25936732813716,151.92425064742565,qwen15b-npu3=60;qwen15b-npu4=58;qwen15b-npu6=59;qwen15b-npu7=62
123,242,1.0,135.3884101845324,151.0137147270143,157.81190106645226,qwen15b-npu3=61;qwen15b-npu4=62;qwen15b-npu6=60;qwen15b-npu7=59
124,241,1.0,131.40457309782505,148.43384828418493,154.89088091999292,qwen15b-npu3=60;qwen15b-npu4=61;qwen15b-npu6=61;qwen15b-npu7=59
125,240,1.0,132.89567409083247,152.27887406945229,158.5424761287868,qwen15b-npu3=59;qwen15b-npu4=61;qwen15b-npu6=60;qwen15b-npu7=60
126,243,1.0,131.23531313613057,146.03348216041923,149.1915131919086,qwen15b-npu3=61;qwen15b-npu4=61;qwen15b-npu6=60;qwen15b-npu7=61
127,244,1.0,132.99277424812317,148.15158629789948,153.14640989527106,qwen15b-npu3=61;qwen15b-npu4=61;qwen15b-npu6=61;qwen15b-npu7=61
128,246,1.0,132.85954436287284,148.97364098578691,155.71112604811788,qwen15b-npu3=63;qwen15b-npu4=61;qwen15b-npu6=62;qwen15b-npu7=60
129,237,1.0,132.76902306824923,149.36923375353217,152.50481525436044,qwen15b-npu3=58;qwen15b-npu4=60;qwen15b-npu6=59;qwen15b-npu7=60
130,240,1.0,135.87447302415967,148.74007971957326,156.41006082296371,qwen15b-npu3=58;qwen15b-npu4=60;qwen15b-npu6=61;qwen15b-npu7=61
131,237,1.0,134.30650299414992,152.7563869021833,158.27092435210943,qwen15b-npu3=62;qwen15b-npu4=58;qwen15b-npu6=58;qwen15b-npu7=59
132,252,1.0,129.1619879193604,143.87755701318383,148.75489007681608,qwen15b-npu3=63;qwen15b-npu4=63;qwen15b-npu6=64;qwen15b-npu7=62
133,236,1.0,135.97506377846003,152.49124495312572,158.8641181588173,qwen15b-npu3=58;qwen15b-npu4=61;qwen15b-npu6=58;qwen15b-npu7=59
134,245,1.0,131.6242851316929,150.2590198069811,156.65488271042705,qwen15b-npu3=61;qwen15b-npu4=59;qwen15b-npu6=63;qwen15b-npu7=62
135,239,1.0,136.1509459093213,152.97164814546704,156.68892301619053,qwen15b-npu3=60;qwen15b-npu4=61;qwen15b-npu6=58;qwen15b-npu7=60
136,238,1.0,136.2599260173738,154.65043997392058,161.6329960525036,qwen15b-npu3=62;qwen15b-npu4=58;qwen15b-npu6=61;qwen15b-npu7=57
137,236,1.0,136.82466000318527,149.61578603833914,158.4753761999309,qwen15b-npu3=57;qwen15b-npu4=62;qwen15b-npu6=57;qwen15b-npu7=60
138,239,1.0,135.5772209353745,152.31006359681487,163.58700906857848,qwen15b-npu3=60;qwen15b-npu4=58;qwen15b-npu6=60;qwen15b-npu7=61
139,247,1.0,130.85607904940844,151.65229002013803,160.40911804884672,qwen15b-npu3=61;qwen15b-npu4=63;qwen15b-npu6=65;qwen15b-npu7=58
140,243,1.0,131.62648491561413,148.34184804931283,154.63427919894457,qwen15b-npu3=60;qwen15b-npu4=62;qwen15b-npu6=57;qwen15b-npu7=64
141,242,1.0,133.78049014136195,146.13180188462138,151.1797970160842,qwen15b-npu3=60;qwen15b-npu4=60;qwen15b-npu6=62;qwen15b-npu7=60
142,245,1.0,133.5898581892252,151.36855794116855,157.20895677804947,qwen15b-npu3=62;qwen15b-npu4=61;qwen15b-npu6=60;qwen15b-npu7=62
143,240,1.0,134.72929503768682,154.58720875903964,163.7288210913539,qwen15b-npu3=59;qwen15b-npu4=60;qwen15b-npu6=61;qwen15b-npu7=60
144,243,1.0,132.11027812212706,148.5240780748427,153.22786010801792,qwen15b-npu3=61;qwen15b-npu4=60;qwen15b-npu6=61;qwen15b-npu7=61
145,239,1.0,136.86414994299412,149.75350676104426,154.25050724297762,qwen15b-npu3=60;qwen15b-npu4=61;qwen15b-npu6=59;qwen15b-npu7=59
146,237,1.0,134.5679243095219,152.62414701282978,159.68121401965618,qwen15b-npu3=59;qwen15b-npu4=60;qwen15b-npu6=59;qwen15b-npu7=59
147,242,1.0,131.90003670752048,147.02641824260354,152.5462162680924,qwen15b-npu3=61;qwen15b-npu4=60;qwen15b-npu6=60;qwen15b-npu7=61
148,242,1.0,135.37248084321618,157.34732802957296,165.19638104364276,qwen15b-npu3=58;qwen15b-npu4=61;qwen15b-npu6=62;qwen15b-npu7=61
149,242,1.0,135.4584014043212,147.08781894296408,150.4500019364059,qwen15b-npu3=61;qwen15b-npu4=61;qwen15b-npu6=60;qwen15b-npu7=60
150,238,1.0,136.67683908715844,155.5951563641429,163.8865522108972,qwen15b-npu3=61;qwen15b-npu4=58;qwen15b-npu6=60;qwen15b-npu7=59
151,243,1.0,132.4940612539649,151.65976993739605,155.17700323835015,qwen15b-npu3=62;qwen15b-npu4=60;qwen15b-npu6=59;qwen15b-npu7=62
152,234,1.0,135.95793396234512,152.91020832955837,161.756606772542,qwen15b-npu3=56;qwen15b-npu4=61;qwen15b-npu6=60;qwen15b-npu7=57
153,239,1.0,139.61336808279157,157.21259685233235,161.75868827849627,qwen15b-npu3=56;qwen15b-npu4=60;qwen15b-npu6=62;qwen15b-npu7=61
154,235,1.0,136.16590620949864,151.56006906181574,155.34657379612327,qwen15b-npu3=64;qwen15b-npu4=59;qwen15b-npu6=54;qwen15b-npu7=58
155,246,1.0,134.72527591511607,150.28649009764194,161.1128030344844,qwen15b-npu3=61;qwen15b-npu4=62;qwen15b-npu6=63;qwen15b-npu7=60
156,236,1.0,135.34564012661576,151.93129098042846,158.38976483792067,qwen15b-npu3=58;qwen15b-npu4=61;qwen15b-npu6=57;qwen15b-npu7=60
157,240,1.0,135.21297881379724,153.65429315716028,161.00610280409455,qwen15b-npu3=61;qwen15b-npu4=58;qwen15b-npu6=62;qwen15b-npu7=59
158,234,1.0,136.6521893069148,151.9313920289278,158.1172328442335,qwen15b-npu3=56;qwen15b-npu4=60;qwen15b-npu6=59;qwen15b-npu7=59
159,243,1.0,134.75013570860028,151.45931765437126,159.99288531020284,qwen15b-npu3=62;qwen15b-npu4=61;qwen15b-npu6=60;qwen15b-npu7=60
160,237,1.0,135.46879030764103,153.51008204743266,162.79418487101793,qwen15b-npu3=59;qwen15b-npu4=59;qwen15b-npu6=60;qwen15b-npu7=59
161,245,1.0,135.59462130069733,151.21237700805068,156.79867379367352,qwen15b-npu3=62;qwen15b-npu4=62;qwen15b-npu6=59;qwen15b-npu7=62
162,239,1.0,132.71967321634293,155.56501457467675,161.9173693470657,qwen15b-npu3=58;qwen15b-npu4=59;qwen15b-npu6=62;qwen15b-npu7=60
163,236,1.0,135.42287983000278,155.43070528656244,164.7306769154966,qwen15b-npu3=60;qwen15b-npu4=61;qwen15b-npu6=57;qwen15b-npu7=58
164,244,1.0,132.9140430316329,158.37143501266837,170.57894682511687,qwen15b-npu3=60;qwen15b-npu4=60;qwen15b-npu6=62;qwen15b-npu7=62
165,240,1.0,132.60706095024943,149.67647613957524,154.61782878264785,qwen15b-npu3=61;qwen15b-npu4=61;qwen15b-npu6=58;qwen15b-npu7=60
166,236,1.0,138.32214986905456,157.53278927877545,164.47631595656276,qwen15b-npu3=59;qwen15b-npu4=58;qwen15b-npu6=61;qwen15b-npu7=58
167,240,1.0,132.45350122451782,149.6868459507823,154.35797814279795,qwen15b-npu3=59;qwen15b-npu4=60;qwen15b-npu6=60;qwen15b-npu7=61
168,234,1.0,135.62426203861833,172.7213808335364,187.36535031348467,qwen15b-npu3=60;qwen15b-npu4=60;qwen15b-npu6=57;qwen15b-npu7=57
169,236,1.0,135.55185217410326,158.95880805328488,167.22250543534756,qwen15b-npu3=59;qwen15b-npu4=60;qwen15b-npu6=59;qwen15b-npu7=58
170,237,1.0,136.77611900493503,154.19973665848374,159.92312505841255,qwen15b-npu3=57;qwen15b-npu4=59;qwen15b-npu6=60;qwen15b-npu7=61
171,245,1.0,133.01216484978795,148.17624585703015,153.40619208291173,qwen15b-npu3=61;qwen15b-npu4=61;qwen15b-npu6=63;qwen15b-npu7=60
172,237,1.0,136.45780785009265,150.243170093745,158.63330708816648,qwen15b-npu3=61;qwen15b-npu4=59;qwen15b-npu6=59;qwen15b-npu7=58
173,240,1.0,136.03380415588617,153.19971973076463,157.6346498914063,qwen15b-npu3=60;qwen15b-npu4=59;qwen15b-npu6=59;qwen15b-npu7=62
174,241,1.0,134.28060291334987,147.17009896412492,151.1900662444532,qwen15b-npu3=61;qwen15b-npu4=60;qwen15b-npu6=58;qwen15b-npu7=62
175,244,1.0,132.75529304519296,154.95575219392776,163.07946667075157,qwen15b-npu3=60;qwen15b-npu4=63;qwen15b-npu6=63;qwen15b-npu7=58
176,233,1.0,135.70348173379898,154.86117079854012,159.98637583106756,qwen15b-npu3=59;qwen15b-npu4=57;qwen15b-npu6=58;qwen15b-npu7=59
177,245,1.0,132.73023162037134,148.00394512712955,155.88893787935376,qwen15b-npu3=61;qwen15b-npu4=61;qwen15b-npu6=61;qwen15b-npu7=62
178,242,1.0,129.86125331372023,147.3782006651163,154.47512827813625,qwen15b-npu3=61;qwen15b-npu4=62;qwen15b-npu6=60;qwen15b-npu7=59
179,243,1.0,133.99395113810897,150.75470367446542,155.95476888120174,qwen15b-npu3=60;qwen15b-npu4=60;qwen15b-npu6=60;qwen15b-npu7=63
180,239,1.0,135.02945797517896,158.19606371223927,160.13060556724668,qwen15b-npu3=59;qwen15b-npu4=60;qwen15b-npu6=61;qwen15b-npu7=59
181,240,1.0,133.30332562327385,149.0733423270285,153.79458386451006,qwen15b-npu3=61;qwen15b-npu4=60;qwen15b-npu6=59;qwen15b-npu7=60
182,241,1.0,134.60833486169577,151.81382093578577,158.48212502896786,qwen15b-npu3=59;qwen15b-npu4=62;qwen15b-npu6=59;qwen15b-npu7=61
183,243,1.0,135.2481390349567,148.33247801288962,153.14665902405977,qwen15b-npu3=61;qwen15b-npu4=60;qwen15b-npu6=61;qwen15b-npu7=61
184,236,1.0,132.8597334213555,156.19221003726125,176.61904683336616,qwen15b-npu3=59;qwen15b-npu4=59;qwen15b-npu6=60;qwen15b-npu7=58
185,250,1.0,130.4808179847896,147.7629030123353,155.86414793506265,qwen15b-npu3=62;qwen15b-npu4=62;qwen15b-npu6=63;qwen15b-npu7=63
186,244,1.0,129.00132779031992,148.36138719692826,151.5906392596662,qwen15b-npu3=62;qwen15b-npu4=61;qwen15b-npu6=60;qwen15b-npu7=61
187,244,1.0,131.84368703514338,149.33716412633657,158.20382395759225,qwen15b-npu3=62;qwen15b-npu4=60;qwen15b-npu6=63;qwen15b-npu7=59
188,241,1.0,132.15240836143494,152.1505629643798,158.3876353688538,qwen15b-npu3=60;qwen15b-npu4=62;qwen15b-npu6=58;qwen15b-npu7=61
189,246,1.0,132.8665940091014,155.3686154074967,167.80870826914907,qwen15b-npu3=61;qwen15b-npu4=63;qwen15b-npu6=59;qwen15b-npu7=63
190,246,1.0,130.60500798746943,146.29436377435923,150.2764206379652,qwen15b-npu3=62;qwen15b-npu4=61;qwen15b-npu6=63;qwen15b-npu7=60
191,244,1.0,132.688052020967,150.85155423730612,153.17104011774063,qwen15b-npu3=61;qwen15b-npu4=61;qwen15b-npu6=61;qwen15b-npu7=61
192,245,1.0,130.27369510382414,141.6544420644641,146.75349555909634,qwen15b-npu3=62;qwen15b-npu4=58;qwen15b-npu6=63;qwen15b-npu7=62
193,247,1.0,133.93435021862388,148.43465806916356,152.71922713145614,qwen15b-npu3=61;qwen15b-npu4=64;qwen15b-npu6=61;qwen15b-npu7=61
194,241,1.0,128.5978239029646,150.4921419546008,154.59931874647737,qwen15b-npu3=61;qwen15b-npu4=62;qwen15b-npu6=59;qwen15b-npu7=59
195,247,1.0,132.7033219859004,149.88963678479195,160.4859190993011,qwen15b-npu3=62;qwen15b-npu4=60;qwen15b-npu6=62;qwen15b-npu7=63
196,240,1.0,133.80274875089526,152.36132498830557,154.96168192476034,qwen15b-npu3=59;qwen15b-npu4=61;qwen15b-npu6=60;qwen15b-npu7=60
197,244,1.0,132.78203271329403,149.8715477064252,161.2737448886037,qwen15b-npu3=61;qwen15b-npu4=62;qwen15b-npu6=60;qwen15b-npu7=61
198,242,1.0,131.77178613841534,147.4096206948161,154.67264875769615,qwen15b-npu3=61;qwen15b-npu4=59;qwen15b-npu6=61;qwen15b-npu7=61
199,240,1.0,133.7044690735638,150.89657483622432,157.06109581515193,qwen15b-npu3=59;qwen15b-npu4=62;qwen15b-npu6=61;qwen15b-npu7=58
200,242,1.0,136.49428682401776,151.48526895791292,155.36562399938703,qwen15b-npu3=60;qwen15b-npu4=61;qwen15b-npu6=59;qwen15b-npu7=62
201,239,1.0,133.29213624820113,150.73557384312153,153.78181403502822,qwen15b-npu3=61;qwen15b-npu4=59;qwen15b-npu6=61;qwen15b-npu7=58
202,249,1.0,129.69464203342795,146.98803797364235,149.8196069151163,qwen15b-npu3=63;qwen15b-npu4=62;qwen15b-npu6=59;qwen15b-npu7=65
203,240,1.0,134.36619378626347,152.83056814223528,159.4300721772015,qwen15b-npu3=59;qwen15b-npu4=61;qwen15b-npu6=62;qwen15b-npu7=58
204,240,1.0,132.4370210058987,148.76418001949787,153.83388381451368,qwen15b-npu3=60;qwen15b-npu4=59;qwen15b-npu6=61;qwen15b-npu7=60
205,243,1.0,133.73499875888228,152.05497201532125,159.0769598260522,qwen15b-npu3=59;qwen15b-npu4=62;qwen15b-npu6=60;qwen15b-npu7=62
206,244,1.0,129.70605306327343,149.60607513785362,158.63319672644138,qwen15b-npu3=63;qwen15b-npu4=62;qwen15b-npu6=58;qwen15b-npu7=61
207,243,1.0,132.1019884198904,150.14931978657842,152.9148379340768,qwen15b-npu3=60;qwen15b-npu4=60;qwen15b-npu6=63;qwen15b-npu7=60
208,244,1.0,131.78644608706236,148.33189779892564,155.08264303207397,qwen15b-npu3=60;qwen15b-npu4=62;qwen15b-npu6=61;qwen15b-npu7=61
209,244,1.0,132.4828709475696,148.76142982393503,161.73412697389722,qwen15b-npu3=61;qwen15b-npu4=63;qwen15b-npu6=59;qwen15b-npu7=61
210,250,1.0,130.60336792841554,145.22312581539154,150.338311214,qwen15b-npu3=63;qwen15b-npu4=60;qwen15b-npu6=65;qwen15b-npu7=62
211,243,1.0,132.09959771484137,143.8507572747767,146.46403398364782,qwen15b-npu3=62;qwen15b-npu4=61;qwen15b-npu6=59;qwen15b-npu7=61
212,243,1.0,134.21162217855453,147.32751110568643,150.68656392395496,qwen15b-npu3=60;qwen15b-npu4=61;qwen15b-npu6=61;qwen15b-npu7=61
213,237,1.0,134.4605339691043,151.00414492189884,156.44623106345534,qwen15b-npu3=58;qwen15b-npu4=60;qwen15b-npu6=58;qwen15b-npu7=61
214,244,1.0,133.5694477893412,151.93811105564237,158.55629602447152,qwen15b-npu3=61;qwen15b-npu4=61;qwen15b-npu6=64;qwen15b-npu7=58
215,239,1.0,134.9457367323339,150.9460648521781,162.8260836005211,qwen15b-npu3=61;qwen15b-npu4=60;qwen15b-npu6=57;qwen15b-npu7=61
216,240,1.0,133.93945107236505,149.3222932331264,154.26192805171013,qwen15b-npu3=61;qwen15b-npu4=59;qwen15b-npu6=61;qwen15b-npu7=59
217,241,1.0,134.71938483417034,148.83549138903618,153.376170899719,qwen15b-npu3=59;qwen15b-npu4=60;qwen15b-npu6=61;qwen15b-npu7=61
218,236,1.0,135.50379127264023,152.3121939972043,156.80531412363052,qwen15b-npu3=59;qwen15b-npu4=60;qwen15b-npu6=58;qwen15b-npu7=59
219,244,1.0,132.47022032737732,148.753700312227,155.66249703988433,qwen15b-npu3=61;qwen15b-npu4=61;qwen15b-npu6=62;qwen15b-npu7=60
220,235,1.0,134.66930482536554,155.5160852149129,161.3778448663652,qwen15b-npu3=58;qwen15b-npu4=59;qwen15b-npu6=58;qwen15b-npu7=60
221,240,1.0,134.8748467862606,150.96463495865464,159.4421719200909,qwen15b-npu3=63;qwen15b-npu4=57;qwen15b-npu6=61;qwen15b-npu7=59
222,241,1.0,133.44848714768887,151.906481012702,154.69792997464538,qwen15b-npu3=59;qwen15b-npu4=62;qwen15b-npu6=58;qwen15b-npu7=62
223,239,1.0,133.18650517612696,158.51694624871016,164.077403023839,qwen15b-npu3=57;qwen15b-npu4=61;qwen15b-npu6=62;qwen15b-npu7=59
224,238,1.0,132.8034228645265,150.3430907614529,157.29188779368997,qwen15b-npu3=60;qwen15b-npu4=61;qwen15b-npu6=57;qwen15b-npu7=60
225,248,1.0,131.55458495020866,145.81752009689808,149.72261572256684,qwen15b-npu3=64;qwen15b-npu4=60;qwen15b-npu6=63;qwen15b-npu7=61
226,247,1.0,130.148955155164,144.01763817295432,159.50671210885048,qwen15b-npu3=61;qwen15b-npu4=62;qwen15b-npu6=61;qwen15b-npu7=63
227,245,1.0,131.6413851454854,151.33119700476527,157.99957187846303,qwen15b-npu3=60;qwen15b-npu4=63;qwen15b-npu6=62;qwen15b-npu7=60
228,237,1.0,136.38649601489305,155.71010718122125,160.13473691418767,qwen15b-npu3=59;qwen15b-npu4=59;qwen15b-npu6=58;qwen15b-npu7=61
229,246,1.0,132.063418161124,145.92922199517488,151.96862211450934,qwen15b-npu3=61;qwen15b-npu4=61;qwen15b-npu6=63;qwen15b-npu7=61
230,239,1.0,135.27602981776,150.7724542170763,156.32669115439057,qwen15b-npu3=62;qwen15b-npu4=59;qwen15b-npu5=1;qwen15b-npu6=59;qwen15b-npu7=58
231,238,1.0,134.46435378864408,151.98757173493505,156.3023910857737,qwen15b-npu3=60;qwen15b-npu4=60;qwen15b-npu6=58;qwen15b-npu7=60
232,244,1.0,132.22732907161117,148.2864967547357,152.27338299155235,qwen15b-npu3=59;qwen15b-npu4=62;qwen15b-npu5=1;qwen15b-npu6=62;qwen15b-npu7=60
233,243,1.0,135.34330017864704,150.51696123555303,153.15147023648024,qwen15b-npu3=60;qwen15b-npu4=59;qwen15b-npu5=3;qwen15b-npu6=60;qwen15b-npu7=61
234,245,1.0,129.3691387400031,151.13948611542583,186.97509728372097,qwen15b-npu3=50;qwen15b-npu4=49;qwen15b-npu5=50;qwen15b-npu6=47;qwen15b-npu7=49
235,244,1.0,130.78416883945465,148.6411988735199,154.3570882640779,qwen15b-npu3=49;qwen15b-npu4=50;qwen15b-npu5=43;qwen15b-npu6=51;qwen15b-npu7=51
236,249,1.0,126.87569297850132,149.51893500983715,153.33160106092691,qwen15b-npu3=53;qwen15b-npu4=54;qwen15b-npu5=35;qwen15b-npu6=54;qwen15b-npu7=53
237,251,1.0,128.75976599752903,145.1065461151302,152.98892790451646,qwen15b-npu3=57;qwen15b-npu4=54;qwen15b-npu5=31;qwen15b-npu6=54;qwen15b-npu7=55
238,246,1.0,127.72813905030489,145.6891493871808,152.30890410020947,qwen15b-npu3=52;qwen15b-npu4=54;qwen15b-npu5=33;qwen15b-npu6=53;qwen15b-npu7=54
239,248,1.0,126.64944166317582,151.51643799617887,159.30159110575914,qwen15b-npu3=52;qwen15b-npu4=52;qwen15b-npu5=38;qwen15b-npu6=55;qwen15b-npu7=51
240,251,1.0,128.52687435224652,144.25579039379954,148.64620892331004,qwen15b-npu3=52;qwen15b-npu4=54;qwen15b-npu5=41;qwen15b-npu6=51;qwen15b-npu7=53
241,251,1.0,126.2213489972055,141.1091391928494,145.5377577804029,qwen15b-npu3=51;qwen15b-npu4=53;qwen15b-npu5=44;qwen15b-npu6=52;qwen15b-npu7=51
242,250,1.0,129.08884836360812,147.54587225615978,151.500447653234,qwen15b-npu3=52;qwen15b-npu4=50;qwen15b-npu5=44;qwen15b-npu6=52;qwen15b-npu7=52
243,242,1.0,132.03504728153348,151.7509911209345,163.73696085065603,qwen15b-npu3=49;qwen15b-npu4=49;qwen15b-npu5=44;qwen15b-npu6=49;qwen15b-npu7=51
244,250,1.0,128.38546326383948,146.25067310407758,150.78095393255353,qwen15b-npu3=51;qwen15b-npu4=50;qwen15b-npu5=49;qwen15b-npu6=50;qwen15b-npu7=50
245,248,1.0,128.69626563042402,151.5365489758551,160.3659982793033,qwen15b-npu3=50;qwen15b-npu4=51;qwen15b-npu5=48;qwen15b-npu6=50;qwen15b-npu7=49
246,250,1.0,126.15884793922305,142.87061989307404,149.3073939345777,qwen15b-npu3=52;qwen15b-npu4=51;qwen15b-npu5=48;qwen15b-npu6=51;qwen15b-npu7=48
247,254,1.0,127.04968405887485,143.13013199716806,146.15196269005537,qwen15b-npu3=50;qwen15b-npu4=51;qwen15b-npu5=50;qwen15b-npu6=49;qwen15b-npu7=54
248,251,1.0,126.15270866081119,144.7590934112668,152.62710582464933,qwen15b-npu3=50;qwen15b-npu4=51;qwen15b-npu5=49;qwen15b-npu6=51;qwen15b-npu7=50
249,245,1.0,128.98679822683334,142.6054290495813,144.92058381438255,qwen15b-npu3=49;qwen15b-npu4=49;qwen15b-npu5=49;qwen15b-npu6=49;qwen15b-npu7=49
250,242,1.0,131.92713679745793,148.5483688302338,152.27002324536443,qwen15b-npu3=50;qwen15b-npu4=48;qwen15b-npu5=47;qwen15b-npu6=48;qwen15b-npu7=49
251,253,1.0,125.81581622362137,145.03723522648215,152.38396497443318,qwen15b-npu3=50;qwen15b-npu4=50;qwen15b-npu5=49;qwen15b-npu6=53;qwen15b-npu7=51
252,255,1.0,127.0229141227901,143.64054519683123,154.05583614483476,qwen15b-npu3=51;qwen15b-npu4=51;qwen15b-npu5=54;qwen15b-npu6=50;qwen15b-npu7=49
253,249,1.0,127.81670037657022,149.25401285290718,166.61879979074,qwen15b-npu3=48;qwen15b-npu4=51;qwen15b-npu5=48;qwen15b-npu6=50;qwen15b-npu7=52
254,243,1.0,128.29969311133027,145.76017018407583,153.89926498755813,qwen15b-npu3=51;qwen15b-npu4=50;qwen15b-npu5=49;qwen15b-npu6=49;qwen15b-npu7=44
255,246,1.0,130.39600709453225,151.0398662649095,155.62251722440124,qwen15b-npu3=47;qwen15b-npu4=50;qwen15b-npu5=48;qwen15b-npu6=49;qwen15b-npu7=52
256,251,1.0,127.24984483793378,143.42474518343806,147.25615084171295,qwen15b-npu3=50;qwen15b-npu4=51;qwen15b-npu5=49;qwen15b-npu6=50;qwen15b-npu7=51
257,246,1.0,130.33410720527172,153.00579788163304,166.15103697404265,qwen15b-npu3=50;qwen15b-npu4=48;qwen15b-npu5=51;qwen15b-npu6=49;qwen15b-npu7=48
258,242,1.0,130.3655570372939,153.21217011660337,163.37149823084474,qwen15b-npu3=49;qwen15b-npu4=49;qwen15b-npu5=46;qwen15b-npu6=49;qwen15b-npu7=49
259,241,1.0,129.89038322120905,157.4857090599835,166.42151912674308,qwen15b-npu3=47;qwen15b-npu4=48;qwen15b-npu5=51;qwen15b-npu6=46;qwen15b-npu7=49
260,246,1.0,131.20802212506533,151.40832820907235,156.26669116318226,qwen15b-npu3=49;qwen15b-npu4=49;qwen15b-npu5=48;qwen15b-npu6=51;qwen15b-npu7=49
261,252,1.0,125.9238962084055,147.7271132171154,154.81836069375277,qwen15b-npu3=53;qwen15b-npu4=49;qwen15b-npu5=52;qwen15b-npu6=49;qwen15b-npu7=49
262,246,1.0,126.95704400539398,146.8636877834797,156.36046091094613,qwen15b-npu3=47;qwen15b-npu4=53;qwen15b-npu5=46;qwen15b-npu6=50;qwen15b-npu7=50
263,246,1.0,130.6561678647995,148.88979122042656,154.7313998453319,qwen15b-npu3=46;qwen15b-npu4=49;qwen15b-npu5=52;qwen15b-npu6=50;qwen15b-npu7=49
264,255,1.0,127.15699523687363,147.25471986457705,153.23310997337103,qwen15b-npu3=55;qwen15b-npu4=49;qwen15b-npu5=52;qwen15b-npu6=48;qwen15b-npu7=51
265,242,1.0,130.05701499059796,152.87229791283607,158.0536332912743,qwen15b-npu3=47;qwen15b-npu4=48;qwen15b-npu5=49;qwen15b-npu6=49;qwen15b-npu7=49
266,249,1.0,127.29503586888313,149.3838452734053,156.38747112825513,qwen15b-npu3=49;qwen15b-npu4=51;qwen15b-npu5=49;qwen15b-npu6=51;qwen15b-npu7=49
267,245,1.0,128.07609094306827,147.9784050025046,150.49097128212452,qwen15b-npu3=49;qwen15b-npu4=48;qwen15b-npu5=50;qwen15b-npu6=49;qwen15b-npu7=49
268,252,1.0,126.84723315760493,146.83732809498906,152.60108606889844,qwen15b-npu3=52;qwen15b-npu4=52;qwen15b-npu5=49;qwen15b-npu6=49;qwen15b-npu7=50
269,244,1.0,128.43363313004375,145.76976001262665,152.751246932894,qwen15b-npu3=49;qwen15b-npu4=49;qwen15b-npu5=50;qwen15b-npu6=48;qwen15b-npu7=48
270,247,1.0,127.97649996355176,157.37169794738293,169.69491122290492,qwen15b-npu3=49;qwen15b-npu4=49;qwen15b-npu5=50;qwen15b-npu6=49;qwen15b-npu7=50
271,246,1.0,128.3866041339934,156.23273001983762,160.55335011333227,qwen15b-npu3=50;qwen15b-npu4=48;qwen15b-npu5=48;qwen15b-npu6=51;qwen15b-npu7=49
272,245,1.0,129.76426305249333,153.46469171345234,159.3905920162797,qwen15b-npu3=48;qwen15b-npu4=50;qwen15b-npu5=50;qwen15b-npu6=48;qwen15b-npu7=49
273,238,1.0,134.93267679587007,159.86302495002747,169.6840007789433,qwen15b-npu3=47;qwen15b-npu4=47;qwen15b-npu5=48;qwen15b-npu6=48;qwen15b-npu7=48
274,247,1.0,129.5351111330092,142.31613697484136,146.72883599996567,qwen15b-npu3=50;qwen15b-npu4=51;qwen15b-npu5=49;qwen15b-npu6=49;qwen15b-npu7=48
275,252,1.0,128.10350116342306,144.31761112064123,151.49820875376463,qwen15b-npu3=51;qwen15b-npu4=49;qwen15b-npu5=50;qwen15b-npu6=50;qwen15b-npu7=52
276,239,1.0,128.26289189979434,156.43555205315351,159.77688506245613,qwen15b-npu3=47;qwen15b-npu4=48;qwen15b-npu5=49;qwen15b-npu6=48;qwen15b-npu7=47
277,251,1.0,126.2266393750906,148.6920895986259,155.5682560428977,qwen15b-npu3=51;qwen15b-npu4=50;qwen15b-npu5=48;qwen15b-npu6=50;qwen15b-npu7=52
278,248,1.0,129.8682326450944,148.8069212064147,155.12932324782014,qwen15b-npu3=49;qwen15b-npu4=51;qwen15b-npu5=51;qwen15b-npu6=49;qwen15b-npu7=48
279,244,1.0,127.36548716202378,149.39702488481998,157.93241234496236,qwen15b-npu3=50;qwen15b-npu4=48;qwen15b-npu5=48;qwen15b-npu6=50;qwen15b-npu7=48
280,251,1.0,127.43282690644264,149.38461408019066,154.8177609220147,qwen15b-npu3=49;qwen15b-npu4=50;qwen15b-npu5=51;qwen15b-npu6=49;qwen15b-npu7=52
281,246,1.0,128.49120423197746,144.1516289487481,154.31471727788448,qwen15b-npu3=49;qwen15b-npu4=51;qwen15b-npu5=50;qwen15b-npu6=48;qwen15b-npu7=48
282,253,1.0,127.7008792385459,149.03332199901342,157.59918000549078,qwen15b-npu3=52;qwen15b-npu4=48;qwen15b-npu5=50;qwen15b-npu6=52;qwen15b-npu7=51
283,244,1.0,127.86585977301002,156.80675394833088,166.4195889607072,qwen15b-npu3=49;qwen15b-npu4=51;qwen15b-npu5=48;qwen15b-npu6=48;qwen15b-npu7=48
284,248,1.0,127.51458724960685,146.41766482964158,152.81026810407639,qwen15b-npu3=48;qwen15b-npu4=49;qwen15b-npu5=51;qwen15b-npu6=51;qwen15b-npu7=49
285,247,1.0,127.25447583943605,153.6569930613041,159.33031076565385,qwen15b-npu3=50;qwen15b-npu4=51;qwen15b-npu5=50;qwen15b-npu6=47;qwen15b-npu7=49
286,249,1.0,128.27933207154274,151.4424686320126,157.32469782233238,qwen15b-npu3=51;qwen15b-npu4=48;qwen15b-npu5=49;qwen15b-npu6=51;qwen15b-npu7=50
287,253,1.0,127.38427612930536,143.84137699380517,149.05494172126055,qwen15b-npu3=48;qwen15b-npu4=49;qwen15b-npu5=52;qwen15b-npu6=51;qwen15b-npu7=53
288,242,1.0,128.7884758785367,148.9165611565113,154.0400763042271,qwen15b-npu3=49;qwen15b-npu4=52;qwen15b-npu5=48;qwen15b-npu6=46;qwen15b-npu7=47
289,246,1.0,127.61170789599419,149.45423509925604,156.95115504786372,qwen15b-npu3=49;qwen15b-npu4=49;qwen15b-npu5=49;qwen15b-npu6=50;qwen15b-npu7=49
290,249,1.0,129.36881883069873,147.76234282180667,151.2139169499278,qwen15b-npu3=52;qwen15b-npu4=48;qwen15b-npu5=49;qwen15b-npu6=50;qwen15b-npu7=50
291,251,1.0,128.28290183097124,144.78067262098193,149.70462676137686,qwen15b-npu3=50;qwen15b-npu4=50;qwen15b-npu5=50;qwen15b-npu6=51;qwen15b-npu7=50
292,248,1.0,126.30712008103728,143.42477405443788,161.73653677105904,qwen15b-npu3=51;qwen15b-npu4=50;qwen15b-npu5=47;qwen15b-npu6=49;qwen15b-npu7=51
293,246,1.0,129.07214788720012,147.94697519391775,154.75704101845622,qwen15b-npu3=48;qwen15b-npu4=51;qwen15b-npu5=51;qwen15b-npu6=48;qwen15b-npu7=48
294,246,1.0,130.0398437306285,149.6436269953847,154.26046680659056,qwen15b-npu3=48;qwen15b-npu4=48;qwen15b-npu5=52;qwen15b-npu6=50;qwen15b-npu7=48
295,242,1.0,130.09694498032331,145.51978930830956,151.0303346440196,qwen15b-npu3=48;qwen15b-npu4=47;qwen15b-npu5=47;qwen15b-npu6=50;qwen15b-npu7=50
296,252,1.0,129.96788322925568,145.54415922611952,153.25054991990328,qwen15b-npu3=52;qwen15b-npu4=52;qwen15b-npu5=51;qwen15b-npu6=48;qwen15b-npu7=49
297,242,1.0,129.46357112377882,149.8447279445827,156.78524412214756,qwen15b-npu3=48;qwen15b-npu4=50;qwen15b-npu5=47;qwen15b-npu6=48;qwen15b-npu7=49
298,244,1.0,131.58821500837803,150.7203341461718,162.72809403017163,qwen15b-npu3=48;qwen15b-npu4=47;qwen15b-npu5=50;qwen15b-npu6=51;qwen15b-npu7=48
299,247,1.0,128.6337450146675,143.05676240473986,149.17250303551555,qwen15b-npu3=50;qwen15b-npu4=50;qwen15b-npu5=50;qwen15b-npu6=48;qwen15b-npu7=49
300,5,1.0,128.27914208173752,135.56331070140004,135.56331070140004,qwen15b-npu3=2;qwen15b-npu4=1;qwen15b-npu5=1;qwen15b-npu7=1
